{"type":"FeatureCollection","features":[{"type":"Feature","geometry":{"type":"MultiPolygon","coordinates":[[[[-158.27755499996093,21.576989999962684],[-158.28157500038321,21.575162999714401],[-158.27471700009451,21.572116999936675],[-158.27189755313367,21.570151889376284],[-158.25637799957039,21.559334999694666],[-158.25067099987547,21.557373000130493],[-158.23431399997341,21.540057999844301],[-158.23153100035859,21.537183000041349],[-158.22978100043846,21.534326000020283],[-158.22906800041088,21.525040000101527],[-158.2296220004298,21.51688800014373],[-158.23002199956457,21.495317999927529],[-158.23114399984601,21.482684999948148],[-158.22526200024888,21.478254999988113],[-158.22171189328031,21.47668445273699],[-158.22038400003404,21.47609699983839],[-158.22034655465976,21.475957024859984],[-158.21811199988207,21.467603999680115],[-158.21338799965309,21.463276000214499],[-158.21444100033753,21.460284999735908],[-158.20872799989647,21.460570999960108],[-158.20566246575177,21.458969973864402],[-158.20369800024406,21.457943999783673],[-158.20302180958359,21.45471457968846],[-158.20281000031434,21.45370299960916],[-158.2002706085332,21.452818038426635],[-158.19935800015458,21.452500000257448],[-158.19892029782906,21.451510698229516],[-158.19769400044817,21.448739000323222],[-158.19615053938151,21.448537038777797],[-158.19235199972789,21.448040000199292],[-158.18985100014535,21.446526999855422],[-158.1898600003662,21.443426000303756],[-158.19147600039207,21.440131999600879],[-158.19033540049264,21.440266713640337],[-158.18828399962501,21.440508999928745],[-158.18264800007515,21.43007299999033],[-158.17966450098052,21.428623278097614],[-158.1796310001086,21.428607000280667],[-158.1796299131471,21.42858413055518],[-158.17962536497683,21.428488417842793],[-158.17935599974896,21.422820000085895],[-158.17782500011197,21.409750999890893],[-158.17804957533971,21.408860702359117],[-158.17920000011341,21.404299999660161],[-158.17842655424701,21.403594762442751],[-158.17295199992006,21.398602999826814],[-158.16204200032027,21.395858000066575],[-158.15769586833071,21.392101909613668],[-158.15225149110904,21.387396674478911],[-158.14971900018594,21.38520799991737],[-158.14821132710188,21.382814023925686],[-158.14818170874864,21.382766994505978],[-158.14779985917588,21.382160671400651],[-158.14625899963028,21.379713999746745],[-158.14112699987061,21.376382999686491],[-158.14074500027917,21.371896000031104],[-158.13810990737755,21.37026557494243],[-158.13647499961161,21.369253999796072],[-158.13569991252322,21.367854614046671],[-158.13233200006397,21.361773999807486],[-158.1298130000398,21.355133000010099],[-158.13032600005076,21.351593000121508],[-158.12985850150554,21.349123619174826],[-158.12826300013617,21.340696000150935],[-158.12693227899339,21.338705466261775],[-158.12630479319103,21.33776685429498],[-158.12554996490894,21.336637760123594],[-158.12382599996235,21.334058999832465],[-158.12367141876655,21.332308265835557],[-158.12356430005886,21.331095081456599],[-158.12351125004972,21.330494255512814],[-158.12335790852904,21.328757567151669],[-158.12318999094452,21.326855787089936],[-158.1230889996454,21.325711999988322],[-158.12222776771452,21.325544166743974],[-158.12051299971975,21.325210000077693],[-158.11817379660141,21.327171684391356],[-158.11631439535438,21.328730999948554],[-158.11621899966107,21.3288110002769],[-158.11340599990902,21.326608999668938],[-158.11283699982155,21.324100999947969],[-158.1150739998134,21.321498999805549],[-158.11824300011594,21.322320999682429],[-158.12050900042013,21.321047999643135],[-158.12023892552324,21.319972834932663],[-158.11856199995816,21.313297000178665],[-158.1126999995542,21.301900000185647],[-158.10829800043879,21.297613999675651],[-158.10289100031949,21.295675000173681],[-158.09819916516753,21.295705434331815],[-158.08600710796063,21.295784519423325],[-158.08559776724519,21.295787174312672],[-158.08408300016535,21.295797000416012],[-158.07944299960189,21.298127000386241],[-158.06797800015838,21.299546000087741],[-158.05024799990471,21.301118000001821],[-158.04435142604041,21.303754759974669],[-158.04433299979732,21.303763000397893],[-158.03250699978045,21.305096999644604],[-158.02756289434052,21.30597906994312],[-158.02749113242407,21.305991873120462],[-158.02718774350484,21.306045999967214],[-158.02163039235643,21.307037478349038],[-158.02133600006476,21.307089999613162],[-158.00931587052176,21.309749398430053],[-158.00550849953055,21.310591761231496],[-157.99024680018309,21.313968341983774],[-157.98152499959738,21.315898000024337],[-157.97831299963715,21.315928999896229],[-157.97047299970743,21.322811000235085],[-157.97023500005605,21.328345999641204],[-157.96969407501612,21.328250083286331],[-157.96524399986333,21.327461000190979],[-157.9607280000468,21.321704000410321],[-157.95188100036165,21.318741999927759],[-157.94892824700588,21.316708802311364],[-157.94812523758353,21.316155868748318],[-157.94802012301719,21.316083489509225],[-157.94717999969885,21.315504999947315],[-157.94836800010253,21.310189999734117],[-157.94932299997942,21.306477000404438],[-157.94717999969885,21.30376900035635],[-157.90673399992008,21.30331900027964],[-157.90549737460839,21.304497299257466],[-157.90463500002045,21.305319000114142],[-157.90125514984939,21.305319000114142],[-157.89940600017638,21.305319000114142],[-157.89322699958001,21.305983000111958],[-157.88999999955115,21.306499999679566],[-157.88987174348478,21.306505653880205],[-157.8883757242449,21.306571601126109],[-157.88668800003182,21.306646000343378],[-157.8837709996244,21.30001099986352],[-157.87762100023866,21.301170000290888],[-157.87072699996492,21.298200999626381],[-157.8700227216805,21.295757115973966],[-157.86996287771288,21.295549451044238],[-157.86984200040825,21.295129999851103],[-157.86700551330478,21.293530126085852],[-157.8665519736808,21.293274314308871],[-157.86183082380617,21.290611426660899],[-157.86182002964972,21.290605338279647],[-157.86119155120895,21.29025085494569],[-157.85495737878276,21.286734571666521],[-157.84600299987844,21.281684000304104],[-157.84539614298825,21.281644685417842],[-157.83793000032014,21.2811609996259],[-157.83379500027013,21.277848999966725],[-157.82972200014436,21.276623000387612],[-157.82316400032963,21.271435999671478],[-157.8227609999235,21.26497499976422],[-157.82109999969182,21.260599999602043],[-157.81490099990222,21.256113999649354],[-157.8127704179322,21.256023770158237],[-157.81124100022836,21.255958999958729],[-157.81084242222838,21.255886560110049],[-157.8062009996319,21.255042999861168],[-157.80583741370717,21.255117429330536],[-157.79587900038615,21.257156000384061],[-157.79373600010561,21.25556400033372],[-157.79165860558692,21.255535982418753],[-157.79121500043163,21.255529999748465],[-157.78979799969909,21.259836000241798],[-157.78377513977384,21.263146311526256],[-157.77994400025852,21.265251999636455],[-157.77853814133047,21.266894881859759],[-157.77679049769131,21.26893717330697],[-157.77545400038127,21.270498999587787],[-157.7644040001411,21.275198999664081],[-157.75951000003278,21.275801999668779],[-157.75869700044615,21.273964000099781],[-157.75584799981078,21.272763999684233],[-157.75453200025888,21.276101999937488],[-157.74360500004238,21.279721999878966],[-157.73820041908616,21.279690218918336],[-157.73459199977754,21.279669000077899],[-157.73216900001285,21.282014000346603],[-157.72690800038171,21.280843000295498],[-157.72236699955252,21.28139500032086],[-157.71941099968532,21.284359000060935],[-157.71908952588279,21.284140963976501],[-157.71704900001995,21.282757000174939],[-157.71548197883834,21.282107851744996],[-157.71265799987691,21.280938000051645],[-157.71258255756271,21.280855804825134],[-157.71235654413218,21.280609561228658],[-157.7094740004041,21.277469000128665],[-157.70901099972352,21.27197700018019],[-157.7087289996912,21.269119000180797],[-157.71093800009396,21.264972000249323],[-157.71151999970192,21.261982000169461],[-157.70927600003733,21.259718999963471],[-157.70643010397959,21.25953572068871],[-157.70618600027589,21.259520000070847],[-157.6987189997167,21.260682000196379],[-157.6915159996465,21.264279999730814],[-157.6959519999954,21.267227000383347],[-157.6959519999954,21.271657000388803],[-157.69333800043501,21.272985999586389],[-157.6893249996854,21.268974000292662],[-157.68577499961634,21.275762999630789],[-157.67693799997693,21.280736999807882],[-157.67376399965156,21.285286999953069],[-157.66980799970167,21.28538800005882],[-157.66914530353341,21.286533678113713],[-157.6685099996931,21.287632000213961],[-157.65798500005783,21.293322000176182],[-157.65465799957155,21.297962999879033],[-157.6510320002329,21.298816000216657],[-157.6489290001353,21.304715999798603],[-157.64905499963368,21.310569000274388],[-157.64927946436868,21.310600295857224],[-157.64982505166489,21.31067636514349],[-157.65010761404258,21.310715761812691],[-157.65226099974615,21.311015999652525],[-157.6532529679919,21.310900417605346],[-157.65935000001352,21.310189999734117],[-157.66007899993457,21.313243999929696],[-157.66141009297988,21.314508759191021],[-157.66338999962898,21.31639000035014],[-157.66527272203911,21.315769738330079],[-157.66587900041426,21.31557000000711],[-157.66613111259875,21.315755836367469],[-157.6701936150121,21.318750368384379],[-157.67783099992954,21.324379999706281],[-157.68265119445408,21.32626288086281],[-157.68538629859293,21.327331277510993],[-157.68836800015868,21.328496000196207],[-157.6908155383037,21.330480344066601],[-157.69380000039232,21.332899999593906],[-157.69454964719191,21.334042239561796],[-157.69736499963167,21.338331999732926],[-157.6994193317021,21.341612804470845],[-157.70327148640516,21.347764765716931],[-157.70342559418879,21.348010879158814],[-157.70662099957076,21.353114000196829],[-157.70902999999007,21.360332000222087],[-157.70871899964544,21.369058000112755],[-157.70611000010788,21.37592500021811],[-157.70589484191925,21.380144227431622],[-157.70588699962684,21.380298000265181],[-157.70890000029371,21.383300000402787],[-157.7118550650147,21.388755062370542],[-157.71197800035964,21.388982000027035],[-157.71316045636138,21.390305645169132],[-157.71586399998932,21.393331999762221],[-157.7206719864092,21.395485825135054],[-157.721227898043,21.395734855216748],[-157.72575579155389,21.397763207829758],[-157.72718399966791,21.398402999685022],[-157.73393400000163,21.400549999955093],[-157.73697237627866,21.402991901243553],[-157.73859999960598,21.404299999660161],[-157.74029760888044,21.407719837085168],[-157.74327757310448,21.413722981141632],[-157.74328899967492,21.41374600038376],[-157.74448299992636,21.422355999596522],[-157.74150699996767,21.425556999890468],[-157.73900100036226,21.424245000055055],[-157.73737588063966,21.4284277593698],[-157.73583100023484,21.432403999857669],[-157.73641200001791,21.438681999681176],[-157.73604383538017,21.441932549586678],[-157.73566899985315,21.445241999641837],[-157.72950299967556,21.446748999984308],[-157.72575799961285,21.449972999682984],[-157.72282699986005,21.455807999898429],[-157.72250600036799,21.45922499962882],[-157.7299760004019,21.460281000138043],[-157.73910099992142,21.455616999735046],[-157.73984900010902,21.453924999682773],[-157.74257963692594,21.453681443109538],[-157.74589200026296,21.453386000104441],[-157.76318999979819,21.459501000376907],[-157.76378099962696,21.461270000201097],[-157.76437700037692,21.462138999670046],[-157.76554200031609,21.46149899969328],[-157.76823600024244,21.45632399973649],[-157.77274799986102,21.456936000365342],[-157.77403199962586,21.453781000283669],[-157.77730999970831,21.451816999925065],[-157.77827700017909,21.44649100007382],[-157.77680199972022,21.443248000021331],[-157.77274399966305,21.443084999783569],[-157.75803100027426,21.436849999669047],[-157.75749599962367,21.434735000127091],[-157.76039100028981,21.432748999770638],[-157.76130272292954,21.428655723345411],[-157.76135299983935,21.428429999600322],[-157.76368100006781,21.428063000212934],[-157.76553300009522,21.424504000138711],[-157.76412200010881,21.421414000235664],[-157.76653700037591,21.416243000022156],[-157.76928997020912,21.413860312088328],[-157.76995699985028,21.413282999724508],[-157.77136086631504,21.413028335230138],[-157.77804399965225,21.411816000169431],[-157.78008140207282,21.411963999247654],[-157.78038324139817,21.411985925705736],[-157.78378921367937,21.412233339522409],[-157.78416999964685,21.412260999691856],[-157.78720000003219,21.413706000005408],[-157.78834969088226,21.417973513644942],[-157.78838699971266,21.418111999677116],[-157.78835098265967,21.418598572176045],[-157.78806899969533,21.422408000351904],[-157.78910300011324,21.425296999862823],[-157.79228599976111,21.42885200021631],[-157.79265326518524,21.428843241684326],[-157.7950751797851,21.428785484195185],[-157.79538899994142,21.428778000053832],[-157.79674100037661,21.425296999862823],[-157.80159500030197,21.427222000267889],[-157.8059000002313,21.430100000356862],[-157.80560310343665,21.432166807606666],[-157.80526040783386,21.434552442910306],[-157.8051749996099,21.43514700019302],[-157.8071979256797,21.439805385768796],[-157.80853700025628,21.442888999584774],[-157.81118943513445,21.444513000091444],[-157.81122699998468,21.444536000264812],[-157.81290288080908,21.447647119890483],[-157.81453500020436,21.450677000401686],[-157.81658700024832,21.454641999746915],[-157.82229999979106,21.452517000291039],[-157.82488999996036,21.455378999964807],[-157.83008199999449,21.457980999997133],[-157.83373800036873,21.462399000085693],[-157.83421600021958,21.458252000189646],[-157.83773114924887,21.456844668793416],[-157.83808500013086,21.456702999860518],[-157.84098999994441,21.459483000416746],[-157.84260099994742,21.463118000029134],[-157.8428389995988,21.465550999633361],[-157.84431599970748,21.469990999787846],[-157.84418610870728,21.470350079783831],[-157.84231200024243,21.475531000034845],[-157.84190622583867,21.478610628948836],[-157.8416639996139,21.480448999683912],[-157.84286500043638,21.484557000040372],[-157.84711699976398,21.485014999841223],[-157.84925599984655,21.487447000071757],[-157.84702899990043,21.492244000374395],[-157.84925599984655,21.494524000270129],[-157.8526250001656,21.499971000140832],[-157.85101915469573,21.505045341487769],[-157.85062400017526,21.506293999634924],[-157.84854299981902,21.505803000218879],[-157.84521500040614,21.50712899964147],[-157.83482899978972,21.508969000025818],[-157.83568199955934,21.516927000275089],[-157.8345049999246,21.526916000150901],[-157.83679999964281,21.531926999722714],[-157.83846936498642,21.535218784880687],[-157.84188500044516,21.541953999862471],[-157.84587235609004,21.54445573865706],[-157.84664099956291,21.544937999609342],[-157.84668300029401,21.549829999638863],[-157.85073299995523,21.554914999855718],[-157.85485899978443,21.557517999810479],[-157.86384899958472,21.560169999693386],[-157.86413593855448,21.559929444888056],[-157.86886599971669,21.555964000197186],[-157.86891448718245,21.555953679434019],[-157.87347000029507,21.554983999813413],[-157.87693199960222,21.557402000412264],[-157.87505199998574,21.562974999841408],[-157.87506130114218,21.563649569914112],[-157.87519099990291,21.573055999804055],[-157.877350000077,21.57527700004988],[-157.88269400044709,21.577071000288058],[-157.88673499988749,21.580606999939405],[-157.88927300017826,21.589868999822624],[-157.89512600036139,21.594489000194645],[-157.89642349372011,21.598042243291427],[-157.89809399992413,21.602616999663468],[-157.9015710001982,21.605260999597792],[-157.90572079729762,21.606952009126996],[-157.90771100043656,21.607763000289381],[-157.91264700037769,21.614572999871449],[-157.9126523758963,21.615071136573786],[-157.91267448433379,21.617119894107187],[-157.91271599997464,21.620967000174229],[-157.91283043007047,21.621058182614181],[-157.91937099987373,21.626270000316222],[-157.91961398697157,21.626896883196085],[-157.9207540002711,21.629837999809723],[-157.91907808980233,21.632982195681262],[-157.9179449998187,21.63510799971829],[-157.9181830003684,21.642176999779025],[-157.91677900005465,21.647437000061622],[-157.91323800020646,21.648080000056122],[-157.91414200002967,21.649688999598059],[-157.91984700007481,21.648805000197331],[-157.92459100039531,21.651182999615354],[-157.92818400012203,21.653802999634365],[-157.92779214870691,21.655355038604153],[-157.92721500000147,21.657641000199025],[-157.92626400032256,21.661616999808754],[-157.93220600019418,21.663383999693011],[-157.93529599995566,21.666698000119052],[-157.93600899998316,21.671336000160608],[-157.93482549115592,21.672447323359748],[-157.93310699964437,21.674060999871813],[-157.93791000041438,21.676858000323826],[-157.94123799982722,21.681495999917598],[-157.94717399985106,21.689567999923892],[-157.94908100013004,21.692981000038618],[-157.94919836681856,21.693104772685096],[-157.95787599993668,21.702255999670751],[-157.96201099998672,21.703498999974101],[-157.96335199965296,21.70626700015162],[-157.9673829999459,21.710426999920951],[-157.97546399990011,21.710868000135552],[-157.97783300013646,21.709213999910759],[-157.98072799990427,21.711100000381535],[-157.98349100032593,21.710733999815844],[-157.9888880003995,21.705678000086873],[-157.9893749825049,21.705693804470584],[-157.99233899983599,21.705790000348529],[-157.99717299966986,21.705395999712746],[-158.00018299996373,21.701594000206143],[-158.00374800010138,21.700710000199045],[-158.00925200030503,21.700340000269133],[-158.01367100003719,21.6983429996688],[-158.0220490000923,21.693202000308375],[-158.02356254636166,21.69226425929422],[-158.02775300031252,21.689668000349897],[-158.03131900027509,21.686354999591746],[-158.03230900031204,21.682772000246029],[-158.03709999958986,21.681247999659806],[-158.04005999965503,21.675251000106865],[-158.04225089002171,21.67360418423096],[-158.04696599962435,21.670059999611993],[-158.05739099970049,21.660055999745115],[-158.05907593733957,21.658435801291105],[-158.06225800004464,21.655375999917062],[-158.06388099974319,21.643503000112528],[-158.06293000006426,21.641514999959682],[-158.06376998773698,21.640560343086616],[-158.06506900014685,21.639083999582628],[-158.06815999973327,21.638685999792614],[-158.07162699996161,21.633381999842324],[-158.08004299965154,21.624502000028553],[-158.08598500042146,21.621850999588304],[-158.08583100043566,21.618367000385582],[-158.09489599968072,21.613216000298969],[-158.09979599963683,21.608711000270599],[-158.10331700029184,21.605445000340964],[-158.10668900008565,21.603023999657239],[-158.10381100003625,21.600636999886142],[-158.10381100003625,21.596438999947019],[-158.10522519443185,21.59650608828602],[-158.10672000004777,21.596577000378481],[-158.110228000284,21.593566000206312],[-158.11284299966934,21.589809000030431],[-158.11483600016206,21.592014999902389],[-158.11799799989356,21.590237000120212],[-158.12115416506728,21.585838646822051],[-158.12282300040494,21.583512999988415],[-158.13194299990155,21.582381999658367],[-158.13403262588116,21.583393838793601],[-158.13637900025046,21.584530000193027],[-158.15433700010973,21.580846000102799],[-158.15827428455898,21.58099014430136],[-158.16370600002671,21.581188999857957],[-158.16750899981574,21.579642000295376],[-158.17226300018191,21.581852000102238],[-158.17686500021222,21.580660000020146],[-158.1839479997335,21.581707999604113],[-158.1914019998739,21.582672999685293],[-158.19516980456839,21.582545284823727],[-158.19864614907235,21.582427449342834],[-158.20173386980792,21.582322786990446],[-158.20910299981523,21.582073000066192],[-158.2157885127896,21.580143870948017],[-158.21599600026403,21.580083999946854],[-158.22788000000725,21.580083999946854],[-158.23477199973283,21.581852000102238],[-158.25949099979641,21.578537000278676],[-158.27755499996093,21.576989999962684]]],[[[-157.6598250003897,21.328568000106902],[-157.65958699983997,21.327017999732476],[-157.65649799990339,21.325910999839341],[-157.65408400035955,21.325992000012633],[-157.65388299961975,21.328345999641204],[-157.65657099969835,21.331681000359531],[-157.65888100038345,21.330465000053703],[-157.6598250003897,21.328568000106902]]],[[[-157.79086999975183,21.434676999967568],[-157.79052800034336,21.433059000039108],[-157.79043399973372,21.431589999926306],[-157.78803400043356,21.431149000324535],[-157.78673999972469,21.433177000119304],[-157.78721299955265,21.43582200027949],[-157.78882299973074,21.436144999882881],[-157.78973900014788,21.435027999960571],[-157.79086999975183,21.434676999967568]]],[[[-161.92949200041801,23.062554999592347],[-161.92812900011216,23.057074000009347],[-161.92577300029461,23.054248000365874],[-161.91885599955634,23.056110000403105],[-161.91558599986979,23.05834899990078],[-161.91643000031686,23.060858999891064],[-161.92246500007488,23.060728999839061],[-161.92949200041801,23.062554999592347]]],[[[-166.16490200041136,23.729804000196712],[-166.16558000027879,23.729089999722376],[-166.16463399972446,23.727036000296234],[-166.16375099981761,23.726873999745244],[-166.16310800011027,23.727348999800682],[-166.16393199956758,23.729609999855892],[-166.16490200041136,23.729804000196712]]],[[[-166.16706900008305,23.734835000345505],[-166.16650300036861,23.732989000345469],[-166.16561999956346,23.732826999792305],[-166.16497699985615,23.733303000326444],[-166.16542100027016,23.735354999759668],[-166.16639100021564,23.735548999771833],[-166.16706900008305,23.734835000345505]]],[[[-166.1719859997576,23.643397000392646],[-166.17149100018827,23.642607000283025],[-166.17017999976093,23.642415999931316],[-166.16965699970419,23.643265999636544],[-166.17006199976018,23.643953000006448],[-166.17132799998166,23.644102000312728],[-166.1719859997576,23.643397000392646]]],[[[-166.21071799960123,23.787715000201729],[-166.21055100009497,23.786510000211532],[-166.20803000042096,23.785782000309631],[-166.20746299998331,23.786816000394047],[-166.2091800002915,23.788228999871954],[-166.21071799960123,23.787715000201729]]],[[[-166.22366199970159,23.862042999795012],[-166.2237830000754,23.861244000187181],[-166.22275799987835,23.860497999716436],[-166.22172900038166,23.860591000365268],[-166.22146200041797,23.861417000406203],[-166.22250699980819,23.86221000014833],[-166.22366199970159,23.862042999795012]]],[[[-166.2892490002167,23.869154000161679],[-166.28936399984443,23.867874999756584],[-166.28826699967735,23.867302000263841],[-166.28002800043771,23.870186000258261],[-166.27993300000318,23.871510000104315],[-166.28114800017104,23.871723000313025],[-166.2892490002167,23.869154000161679]]],[[[-168.00206900003224,24.999966999622703],[-168.0009839995607,24.997372999652026],[-167.99850499971953,24.997116000070818],[-167.99583400025767,24.998214999884432],[-167.99555999972296,25.001871000042328],[-167.99771100039945,25.004431000182993],[-168.00068399998509,25.003126999734903],[-168.00206900003224,24.999966999622703]]],[[[-171.74520000009946,25.770899999689522],[-171.74580900036992,25.760138000165565],[-171.74243599985289,25.756144999635062],[-171.73706100041895,25.756330999628826],[-171.73309299987523,25.757305000076034],[-171.72988900031086,25.76285499966205],[-171.72786499985605,25.773144999746592],[-171.72549099959679,25.774107999706622],[-171.7255540002443,25.779315000202651],[-171.73023099971934,25.781091999804719],[-171.73506000042863,25.781771999687269],[-171.73724600036689,25.779677000359602],[-171.74088900032234,25.778692000228776],[-171.74362099988355,25.776892000029402],[-171.74331399973684,25.774001000276751],[-171.74520000009946,25.770899999689522]]],[[[-173.97295400016523,26.079864000149158],[-173.97607700043699,26.078606999829809],[-173.97267999963054,26.071096000051259],[-173.96993800002357,26.064553999725376],[-173.96415699981048,26.062326999646498],[-173.96297099995493,26.06512300013096],[-173.96331999993436,26.07235899964105],[-173.9647150000273,26.076476999924296],[-173.96680800007911,26.079034000342229],[-173.97295400016523,26.079864000149158]]],[[[-175.7395560003954,27.924375999821603],[-175.73912200002712,27.92350499993],[-175.73770099999493,27.923558000287958],[-175.73629199965831,27.925927000217403],[-175.73688400021032,27.927052000333337],[-175.73816299995232,27.926965000282802],[-175.7395560003954,27.924375999821603]]],[[[-175.82115000010987,27.790700999741521],[-175.82110900010196,27.789378000363737],[-175.81794499982234,27.787949999947724],[-175.81449900040866,27.789306000384407],[-175.81451100010426,27.789967999612418],[-175.81579900006705,27.790976999703023],[-175.81988499971328,27.791275000135851],[-175.82115000010987,27.790700999741521]]],[[[-175.90922100034652,27.7740959999648],[-175.90969900019741,27.773062999949609],[-175.90903800004841,27.772443000180218],[-175.90617500006763,27.772829000305592],[-175.90592700037055,27.773372999701618],[-175.90627200015206,27.774158000033033],[-175.90922100034652,27.7740959999648]]],[[[-175.94762299957895,27.764634000291625],[-175.94754599958608,27.763480999925907],[-175.94255199991863,27.762429000220923],[-175.94187200040139,27.763923999687183],[-175.94358700016144,27.765933000337206],[-175.94762299957895,27.764634000291625]]],[[[-178.33303400000412,28.394463999825941],[-178.33469799971056,28.3894459997688],[-178.30450399975558,28.385404999926035],[-178.29319999997048,28.389270999922275],[-178.28811300041664,28.392373999754742],[-178.28892699982822,28.402123000390354],[-178.29797500025313,28.391613999785005],[-178.30783999956435,28.39007399979749],[-178.33303400000412,28.394463999825941]]]]},"properties":{"GEOID":"15003","STATE":"15","COUNTY":"003","NAME":"Honolulu County","BASENAME":"Honolulu","AREALAND":1556027672,"AREAWATER":4054461969}},{"type":"Feature","geometry":{"type":"Polygon","coordinates":[[[-157.01459082901363,21.18352493319054],[-157.01461199960994,21.182349000410387],[-157.01195399966861,21.181600999831431],[-157.01093600004253,21.180807999694469],[-157.00794699966508,21.180034999677915],[-157.00613099962266,21.179141999704996],[-157.00540699972447,21.177966000237234],[-157.00347299968132,21.177095999706967],[-157.00286000011124,21.176121999936885],[-157.00269100005681,21.176934999840054],[-157.00411999958661,21.178514000366434],[-156.99999799995535,21.177850999830063],[-156.99544600015381,21.178272000229576],[-156.99293299997743,21.177686000182199],[-156.98877000033832,21.178521999851927],[-156.98667300008847,21.178543999691229],[-156.98402000017001,21.17919200003924],[-156.98080200036202,21.177900999763139],[-156.97932600007826,21.178102999622276],[-156.97745300013443,21.176881999949586],[-156.97390100041559,21.175371000029486],[-156.97371300009462,21.173760999825927],[-156.97142000002623,21.168899999815803],[-156.97163299956327,21.165655000267396],[-156.96962599972514,21.164144999849441],[-156.96922499986718,21.16364599958473],[-156.96871699987904,21.163259000353111],[-156.96819100034759,21.16264200003301],[-156.96752099997775,21.161900999617664],[-156.96750599990915,21.162089000145489],[-156.96561799989675,21.160507000276635],[-156.96504899980923,21.159847999714543],[-156.96451700042999,21.159346000055919],[-156.96250800004375,21.159368000233506],[-156.96170600032778,21.160542000397328],[-156.95985199975223,21.161525999781087],[-156.96259900028036,21.162299000176418],[-156.96233300014157,21.163258000104832],[-156.96474800040866,21.16566799993279],[-156.96367299998289,21.166445999932673],[-156.96259599990731,21.171089999812491],[-156.96301199983392,21.172044999811888],[-156.96248799995226,21.175222999623621],[-156.96163699983248,21.176058999813435],[-156.96307399975819,21.178997000147881],[-156.96299699976529,21.180021000302471],[-156.96067299973481,21.179363999820183],[-156.95870600007964,21.174550000205944],[-156.95932700004568,21.172154999604444],[-156.95873600021687,21.169222000111507],[-156.9591739998848,21.167028000055506],[-156.95863099973658,21.163360000261008],[-156.95893399968529,21.160948000019683],[-156.95759999969175,21.158041999683611],[-156.95611799956018,21.156695000381632],[-156.95103500020429,21.153463000395824],[-156.94766099986236,21.154801999850463],[-156.94793799987181,21.155796000162514],[-156.94667000000049,21.156976000238895],[-156.94416299967187,21.157673000164465],[-156.94498600020259,21.158477000060508],[-156.94213499991739,21.16017300040798],[-156.94157000002784,21.159629999888331],[-156.94162899957908,21.156214999892676],[-156.93917700040038,21.155450999758514],[-156.93694100023342,21.153348000214027],[-156.9360950001365,21.151116000299119],[-156.93507900016027,21.150779000029843],[-156.93467599975412,21.149355999988721],[-156.92987799990527,21.141523999964075],[-156.92984000027045,21.139617999635114],[-156.9288030003778,21.138212999603006],[-156.92532199990578,21.135864000006553],[-156.92258199994868,21.132103999735424],[-156.91968100033307,21.130069000040152],[-156.9180719999799,21.129479000010797],[-156.91493899966238,21.129671000019584],[-156.90024100034222,21.131624999626471],[-156.90165900000136,21.133281000336609],[-156.90079500036109,21.139080999949798],[-156.89894499998351,21.140831000203999],[-156.89921100012228,21.142100000192453],[-156.90048999986425,21.142970999871558],[-156.90028099962689,21.145423999756858],[-156.89887600038654,21.147604000027709],[-156.89636200038524,21.148123000213864],[-156.89602799957606,21.148993000161045],[-156.8983180001697,21.148358999805204],[-156.9014720004036,21.148789000088932],[-156.90552000041501,21.151837999922861],[-156.90695300014278,21.151620000031475],[-156.9070410000063,21.152597000342148],[-156.90864199996355,21.154147999737564],[-156.90883100010942,21.155417000410928],[-156.91259600026359,21.158148000376627],[-156.91332600000956,21.15973399973787],[-156.91710000038458,21.16371000021303],[-156.92080699991413,21.162826000290369],[-156.91809350115622,21.168574483835293],[-156.91887799989382,21.167906999761826],[-156.92501499975907,21.169379000006749],[-156.92769399961682,21.171729000105096],[-156.93384399990092,21.16944699981897],[-156.93840499992331,21.17176000015921],[-156.94390800030206,21.172949000250181],[-156.94369599969164,21.17616500016528],[-156.94715500042238,21.178855000039395],[-156.9482120004065,21.188354000279137],[-156.95658899973839,21.200906000119755],[-156.95733799975091,21.204897000247172],[-156.95990100015601,21.208832999682411],[-156.96284699997744,21.212131000070691],[-156.96552900020828,21.213601999653545],[-156.97061300028741,21.21551900023314],[-156.97651900017397,21.212790000403935],[-156.98029900039674,21.20984899964251],[-156.98234300004478,21.207797999602708],[-156.98018600041885,21.205630999859004],[-156.98003318261598,21.204596924542436],[-156.97969299960104,21.202294999783767],[-156.98243799958104,21.201207000401215],[-156.98279999997928,21.197725999622385],[-156.98465100018177,21.188990000294424],[-156.98535099979051,21.185919000002862],[-156.98899700011901,21.182192000042743],[-156.99821200005019,21.179188000314646],[-157.00389845796957,21.180875747989496],[-157.00415200027197,21.180950999731394],[-157.00698254681646,21.181648936264509],[-157.01192146179065,21.182866739595031],[-157.01459082901363,21.18352493319054]]]},"properties":{"GEOID":"15005","STATE":"15","COUNTY":"005","NAME":"Kalawao County","BASENAME":"Kalawao","AREALAND":31057603,"AREAWATER":105764468}},{"type":"Feature","geometry":{"type":"MultiPolygon","coordinates":[[[[-159.78794300031782,22.03010199989901],[-159.78670200021068,22.018800999713388],[-159.78078299990528,22.01037300008743],[-159.77417300021199,22.005865000191154],[-159.76573499988245,21.986592999930849],[-159.75940499967334,21.979510000139413],[-159.75018100041964,21.976032000210441],[-159.73658299984299,21.972811999906014],[-159.73285851909799,21.971805892807314],[-159.71749621023537,21.967656016820911],[-159.71562300008574,21.967150000071623],[-159.71260126060778,21.964864394677743],[-159.70779499985159,21.961229000136569],[-159.70201000033884,21.960258999955855],[-159.69261821465463,21.958831918041707],[-159.68967700015872,21.958385000029118],[-159.67436399982202,21.955576999850894],[-159.66871499985339,21.953584999705466],[-159.66674749983662,21.950647305754185],[-159.6656669999247,21.949034000027869],[-159.66079299990784,21.942747000378478],[-159.6529270000388,21.941618000007601],[-159.64995000025525,21.939195000311521],[-159.64976600013222,21.933847999854315],[-159.64775599992106,21.932391999836394],[-159.64562647526813,21.929411945591408],[-159.64309899963922,21.925875000189112],[-159.63812199969024,21.921972000246399],[-159.63820530855139,21.921197552488351],[-159.63840899974542,21.919304000211575],[-159.63623200002803,21.916244000308417],[-159.63373800011817,21.913171000092827],[-159.62933849921757,21.909617620978999],[-159.62847599976382,21.908920999941763],[-159.62211399976763,21.906445000369452],[-159.61681899980135,21.902049000260078],[-159.60813799979755,21.899796999594859],[-159.6077038673769,21.897471682503522],[-159.60726499993643,21.895121000203041],[-159.60479968682691,21.893344069581772],[-159.60327899984932,21.892247999687601],[-159.59740800012281,21.894706000147064],[-159.59679600037768,21.897339999603222],[-159.59750005138832,21.902348341724743],[-159.59750900040518,21.902412000088209],[-159.59441899974539,21.904175999809862],[-159.59026700985837,21.902959639870105],[-159.58990299992885,21.902853000398785],[-159.58770799976978,21.898766999769521],[-159.58348599968107,21.898222000241486],[-159.58354199975756,21.896463999781929],[-159.58093714055516,21.896362646576897],[-159.58027799991882,21.896337000282109],[-159.57452099999514,21.892806000141203],[-159.56981199983474,21.894056000252633],[-159.56098900043906,21.889746999890264],[-159.55180200009693,21.887293000075324],[-159.54443099979724,21.888106000017306],[-159.53648200008755,21.88661899965178],[-159.53178499962272,21.886868000281918],[-159.52691800017692,21.883886000009422],[-159.5196819995964,21.886877000296522],[-159.51220599971472,21.888085000163212],[-159.50881899985231,21.886576000054664],[-159.50550800015787,21.88664899975074],[-159.5027524728211,21.885297067659423],[-159.50140099969695,21.884634000199984],[-159.48826599980089,21.885687000380987],[-159.48725675874883,21.885054782082808],[-159.48266600023607,21.882178999625843],[-159.47534199979199,21.882122000146946],[-159.46907299968228,21.879164999863967],[-159.46179400034237,21.87638699992873],[-159.45279299977312,21.872807999606803],[-159.44486800035284,21.868626999853596],[-159.44108599958193,21.871176000132724],[-159.44048899990534,21.873263000015765],[-159.43778800030628,21.875064000270982],[-159.43689715990365,21.874862624701194],[-159.43395700002986,21.874197999857444],[-159.42951800020623,21.879907999826081],[-159.42716900006135,21.881207000261647],[-159.41882500034146,21.882339000337456],[-159.41796800037386,21.885240999696993],[-159.4169698418375,21.887593086887129],[-159.4166689996421,21.888301999617546],[-159.41026300016333,21.889806999599415],[-159.40461699966943,21.893366999946394],[-159.40377999979333,21.898499999687616],[-159.39688300004485,21.902962999596422],[-159.38953900040767,21.90197100007989],[-159.38773966411381,21.903016634353275],[-159.38723999959319,21.903306999812585],[-159.39030400031373,21.907343000173899],[-159.38859299985333,21.912448999728799],[-159.38527100028824,21.912439000395278],[-159.37988400026043,21.921173999911524],[-159.36789000001406,21.92584099999106],[-159.36651500001264,21.929144999618309],[-159.36202900033331,21.931485999937031],[-159.35508800020392,21.931612999764702],[-159.35412499993114,21.936588999690922],[-159.34675700000449,21.93636799989779],[-159.34654699994221,21.938315999865544],[-159.35018400004986,21.941425000130678],[-159.34761700034511,21.947575000084537],[-159.35039800031012,21.948964000174353],[-159.35745700044026,21.947707999659634],[-159.35753846595844,21.948132966225668],[-159.35859800008998,21.953659999668385],[-159.35232300013246,21.954849999838746],[-159.35189499961194,21.960141000265416],[-159.34833000037264,21.96040500041153],[-159.34775899973701,21.956899999941289],[-159.34497899959692,21.956899999941289],[-159.34020099983954,21.958421000333434],[-159.33577999955924,21.955114999616047],[-159.32988200006861,21.960177000124865],[-159.33009499960562,21.96656200036967],[-159.33150800014019,21.973474999891028],[-159.3334940000619,21.97825000035763],[-159.33382999962254,21.984780999796779],[-159.33193999996033,21.989120000370942],[-159.32940599986753,21.991696000040349],[-159.33059500009614,21.994120000147092],[-159.33511099991264,21.992357000205821],[-159.33506719266953,21.993168356175357],[-159.33487300026127,21.996764999958984],[-159.33256400029941,21.999352000104906],[-159.33372563694613,22.003270505470145],[-159.3355860002888,22.009546000072966],[-159.33779200031853,22.015930000178333],[-159.33859099966148,22.023441999739259],[-159.33684099974136,22.031851000403556],[-159.33448900012172,22.04169800030779],[-159.33510387627246,22.044436993294937],[-159.33518084662097,22.044779863274631],[-159.33545700041736,22.046009999678994],[-159.33270999988926,22.050713000314516],[-159.32852899980847,22.051662999713777],[-159.321596000075,22.055823000242079],[-159.31950909688902,22.059343547970386],[-159.3182800003577,22.061416999606354],[-159.31630799978137,22.070433000380302],[-159.31663400019463,22.07542199964999],[-159.31507278033314,22.077156566195832],[-159.31377899971145,22.078594000230069],[-159.31086700022522,22.084228000314976],[-159.30500599964614,22.09044899971947],[-159.30487175990166,22.091496172022513],[-159.30479107412114,22.092125579215562],[-159.30478571836542,22.092167355421584],[-159.30389199976062,22.099139000058297],[-159.30109300025225,22.099931000168169],[-159.29663299961391,22.105106999609365],[-159.29463300034681,22.110871999746674],[-159.29672300002559,22.115058999938135],[-159.29339437358865,22.12214780827674],[-159.29301300012298,22.122960000167563],[-159.29272476308768,22.126027934017973],[-159.29253100815899,22.128090219960715],[-159.29232799968457,22.130250999857278],[-159.29316213303659,22.142609502082724],[-159.29321029710883,22.14332310352135],[-159.29327900026178,22.144341000105808],[-159.29636900002328,22.149624000049336],[-159.29766282106914,22.148643487227694],[-159.29774375658127,22.148582151803765],[-159.2989829995837,22.147642999605015],[-159.3015649086272,22.147344277624018],[-159.30278600027103,22.147202999626888],[-159.3060491889311,22.150024079660913],[-159.30635100040868,22.150284999882906],[-159.30606612397082,22.15179918360268],[-159.30576802073872,22.153383673317435],[-159.30568304729937,22.153835329387142],[-159.30551317677748,22.154738232829786],[-159.3050903155187,22.15698584259744],[-159.30500599964614,22.157434000295257],[-159.30278600027103,22.159969999727227],[-159.30652318948231,22.16472844786486],[-159.30849100031614,22.167233999882228],[-159.31260399972658,22.172899999590037],[-159.31124899981663,22.178253999655034],[-159.31229300028028,22.183082000054139],[-159.3156130001955,22.186817000190416],[-159.32252800038563,22.191204999593054],[-159.32845600001352,22.194965999804293],[-159.33178299960147,22.192985000147885],[-159.33344700020623,22.195406000051801],[-159.33130800012364,22.197826999805823],[-159.33157500008735,22.200016000277593],[-159.33567078957356,22.204167448167489],[-159.33996400001308,22.208518999584253],[-159.34976800012325,22.215005000112757],[-159.35428499976473,22.214387000135872],[-159.35721499969262,22.213449999953305],[-159.36827800035155,22.215104000376879],[-159.36955768460979,22.215589671409717],[-159.37551599968356,22.217851000102421],[-159.38217099958274,22.216971000062593],[-159.38335999981132,22.220710999734351],[-159.38291999959523,22.224770999762274],[-159.38972799965524,22.222786999636877],[-159.39087000002817,22.225297999806862],[-159.39560199975477,22.225451000146261],[-159.39799000025769,22.229686000302646],[-159.39866261203005,22.230124340022538],[-159.40104016602453,22.231673786912257],[-159.40226336331938,22.232470942390325],[-159.40246599989126,22.232603000293569],[-159.40297016766638,22.232155926417313],[-159.40553899993432,22.229878000383362],[-159.40674099968342,22.225680000152114],[-159.41386699976073,22.223727000170779],[-159.41498833169558,22.223613105676019],[-159.41759878291066,22.22334796077007],[-159.41972499996672,22.223132000392209],[-159.42424099978328,22.224451999857042],[-159.42466591459078,22.223664771132864],[-159.42503490118696,22.222981158818488],[-159.4259039996648,22.221370999939513],[-159.42637999986584,22.218071000289314],[-159.42895865161816,22.217636949805808],[-159.42899400032459,22.2176310004021],[-159.43170699961922,22.220015000402189],[-159.43493600019619,22.223428000002212],[-159.43874002675958,22.223537327587014],[-159.44443499980952,22.223700999892188],[-159.44912499970332,22.225152000327377],[-159.45429599982106,22.226351000230924],[-159.4608300002447,22.224350999589817],[-159.46425793992785,22.223457803999718],[-159.46508999996817,22.223240999731289],[-159.46749799966429,22.225991999605402],[-159.47093399993048,22.225693000108528],[-159.4724899996819,22.227751999871387],[-159.47593799964366,22.229300000306132],[-159.47971017284539,22.229123397265717],[-159.48080800036087,22.229071999916641],[-159.48472846295809,22.229313902158633],[-159.4856319785894,22.229369650918152],[-159.48793899956274,22.229511999664549],[-159.49118479414395,22.226122560135206],[-159.49218699959067,22.225076000207828],[-159.49768400012167,22.223351999779894],[-159.49852974150377,22.222261150226249],[-159.50092399967099,22.219173000228341],[-159.49864696715676,22.215858273929076],[-159.49786256184393,22.214716397598458],[-159.49770128101278,22.214481618104493],[-159.49744599957197,22.214110000224849],[-159.49839700014917,22.208169000284204],[-159.50294865859095,22.204556673614555],[-159.50338800034189,22.204208000141819],[-159.51048458239029,22.203572312205711],[-159.51075600026851,22.203547999875145],[-159.51557400020886,22.208008000329688],[-159.51834799960284,22.211182000289835],[-159.51780700000279,22.214216000198363],[-159.52240200036039,22.215211000054538],[-159.53059399974433,22.21575399999773],[-159.53245699964236,22.217884999964824],[-159.53903999957149,22.213889999647662],[-159.54165400003023,22.215651000047515],[-159.54180635789567,22.21605666155369],[-159.54258239091001,22.218122892324153],[-159.54392399963405,22.221694999750341],[-159.545491534652,22.222678014081914],[-159.54902199995686,22.224891999966587],[-159.55349400029078,22.224560999833272],[-159.55805060036491,22.226289879174292],[-159.55900500016716,22.226651999903346],[-159.56611799982571,22.220588000078521],[-159.56970100040502,22.223351999779894],[-159.57241838347821,22.223506000143811],[-159.57382999970892,22.223586000201291],[-159.57727828533496,22.223539246883295],[-159.58105799989349,22.223487999667203],[-159.58707400028325,22.21851499969123],[-159.59660899988157,22.210740000277681],[-159.60515500016621,22.206019999737684],[-159.60604200027097,22.204060000099897],[-159.61731300044406,22.198690000364557],[-159.62320900028493,22.196982000317451],[-159.63056600034091,22.192709999988789],[-159.63387600021045,22.189038999644527],[-159.64332299994518,22.181024000291679],[-159.6486100004139,22.180440000250009],[-159.65272899967212,22.177778000393129],[-159.65836799959499,22.173134000086367],[-159.66596099965255,22.170755999847774],[-159.67120100026563,22.168414000261311],[-159.67641900023904,22.167454000337244],[-159.68966700011296,22.163574000362296],[-159.69055846574307,22.163499308830588],[-159.69852300001898,22.162832000047782],[-159.70307700036869,22.158052999617169],[-159.7055310000955,22.159320999884415],[-159.71302100022092,22.155567999702406],[-159.7177570001455,22.151661000161241],[-159.72207299994548,22.150322999799116],[-159.72790199983916,22.142199999889016],[-159.730543999887,22.13995300023717],[-159.73251800011315,22.134242000373998],[-159.73332800022504,22.126537999654094],[-159.73821599958728,22.119461999962375],[-159.73842900002259,22.113501000226314],[-159.74073399978656,22.109789000255542],[-159.74154899992129,22.105343999969911],[-159.74395300031776,22.103347999867516],[-159.74524700012833,22.097507999844069],[-159.7509549996482,22.092804000298024],[-159.76554999993454,22.080484999760412],[-159.77111100003961,22.074119999992792],[-159.77840100014848,22.069463999696339],[-159.78374600034348,22.064896999942381],[-159.78297499969133,22.058641000156886],[-159.78462300040255,22.052315000341892],[-159.78386299962105,22.047808999926875],[-159.78648700012553,22.035902000311715],[-159.78794300031782,22.03010199989901]]],[[[-160.10201299965806,22.018463000294247],[-160.10261400043089,22.016552000326666],[-160.10184100012893,22.015716000368968],[-160.10119699969837,22.015716000368968],[-160.09982300042017,22.014919999790166],[-160.09806299955594,22.014840999697018],[-160.09608800040317,22.014840999697018],[-160.09454199979925,22.015556999986124],[-160.09299600009359,22.016154000029502],[-160.09170800013078,22.017229000176535],[-160.09046299982569,22.018303999662773],[-160.08900300033378,22.019975999915623],[-160.08797200028894,22.021409000106729],[-160.08775800002866,22.022642999624868],[-160.08779999986149,22.023877000051694],[-160.08827299968948,22.024831999583704],[-160.08930299990942,22.025906999667622],[-160.09110700025624,22.026743000276809],[-160.09153599970332,22.026423999804827],[-160.09132099961818,22.025389000003578],[-160.09149300004563,22.024434000063387],[-160.0922229997916,22.022882000356631],[-160.09359699996813,22.021527999815923],[-160.09501399980235,22.021289000130771],[-160.09694600019566,22.021487999868842],[-160.09905000011818,22.023041000013833],[-160.10029600024819,22.024315000297207],[-160.10068200003755,22.025549000314225],[-160.10038199956358,22.027060999904226],[-160.09987058507906,22.027971299858493],[-160.09982300042017,22.028056000219649],[-160.09973700020646,22.028612999617955],[-160.10016700037673,22.029011999997433],[-160.10098300033644,22.028494000032175],[-160.10175599974011,22.027020999854184],[-160.10201299965806,22.025309999918854],[-160.10171300008238,22.024116000366877],[-160.10149799999724,22.021886000171907],[-160.10141199978352,22.020890999815965],[-160.10201299965806,22.018463000294247]]],[[[-160.24518299968614,21.847205000172266],[-160.24649900013634,21.840726000367074],[-160.24399900037872,21.840151000307166],[-160.24390399994417,21.837144999866631],[-160.2452849997934,21.8359519996492],[-160.2455230003431,21.834647999607594],[-160.24364200000335,21.831906999780909],[-160.23694500027145,21.803665999735667],[-160.2327730004115,21.797489000041207],[-160.23342799981435,21.792471000125445],[-160.23057599970426,21.790485000045027],[-160.22368300015378,21.791366999695434],[-160.22125199999314,21.787712000106399],[-160.2178500000621,21.786527999616482],[-160.21485900003483,21.782555999940051],[-160.20787000022486,21.782555999940051],[-160.20353699980811,21.779160000141857],[-160.20121799980049,21.782701999596011],[-160.19856300023216,21.784732999610071],[-160.20242299992256,21.786972000216384],[-160.20165999966633,21.789434000247518],[-160.20023399961127,21.795175999657914],[-160.19270300037633,21.804438000043938],[-160.1941510001727,21.807543999712223],[-160.19174199975336,21.811570999938191],[-160.19183399981486,21.814317999609965],[-160.1882169997987,21.818404999949831],[-160.1875609996726,21.820895999931309],[-160.17851300014598,21.835075000187544],[-160.17394999957543,21.839065999847687],[-160.17297399978219,21.843913999590555],[-160.16723600012509,21.850568999813415],[-160.16490200004884,21.856877999631397],[-160.15903399979706,21.865280999734988],[-160.15022300009693,21.869390000198333],[-160.14395099961413,21.872911999709068],[-160.13989299955702,21.872303000349362],[-160.12867699963547,21.874453000191075],[-160.1242830000177,21.87678900038734],[-160.12029299973261,21.877192000060802],[-160.11137400007743,21.881040999692715],[-160.10723900002739,21.878617999769567],[-160.0988969999573,21.884711000401463],[-160.09669500012552,21.883715000216274],[-160.09010299997558,21.888348000335249],[-160.08538799996739,21.889525999924221],[-160.08268700036837,21.892186999929834],[-160.07871999964951,21.894329000019138],[-160.07484300024063,21.894792999650299],[-160.07376100014218,21.896777000008843],[-160.07316399956727,21.900453999605762],[-160.07512000025008,21.90528299964183],[-160.07940799956265,21.915141000134611],[-160.08297699989825,21.927912999727759],[-160.07869899973309,21.945990999685044],[-160.07632199999912,21.954588999616004],[-160.07085499960539,21.958556999919647],[-160.06862699983435,21.967255999863792],[-160.065864000311,21.970679999865474],[-160.06301200020087,21.976190999921563],[-160.05915400016031,21.977129999771464],[-160.05445500004564,21.976631000158665],[-160.05112799955938,21.979276000251982],[-160.05061899974635,21.984672999742298],[-160.0530289999906,21.992279999944301],[-160.05854300024001,21.996380000202006],[-160.07014199957786,22.003297999808371],[-160.07204399983399,21.999992999898684],[-160.07655899982561,21.998891000194163],[-160.08635200006512,21.997927999777378],[-160.08701700041206,22.002857999804927],[-160.09200900042964,22.005501999613085],[-160.09343499958641,22.001095000201669],[-160.10080300041139,21.995805999820284],[-160.10494400030919,21.998234999640303],[-160.11173599957738,21.993602000082657],[-160.11039900010906,21.98850199975054],[-160.11369499973486,21.984753999999121],[-160.11458799968747,21.974868000376013],[-160.11957999970508,21.965831000175818],[-160.12171899978765,21.958998000402509],[-160.12552199957668,21.953706999913777],[-160.13669200036574,21.945771000201333],[-160.15404299960437,21.938715999945671],[-160.16236200010826,21.938496000040764],[-160.16497599966866,21.932983999873709],[-160.16612776562707,21.932425518488827],[-160.17267965330461,21.929248560292226],[-160.17543400025514,21.927912999727759],[-160.18700199963084,21.924882000226152],[-160.18874400005339,21.921297999659707],[-160.19159600016349,21.918211000166671],[-160.19611199998005,21.915564999719937],[-160.20253000005272,21.90696499999563],[-160.21061100000688,21.900129000214864],[-160.21797899993354,21.893733000073613],[-160.22534699986019,21.889984000303055],[-160.22891199999785,21.885131999620572],[-160.2293880001989,21.879618000183431],[-160.23271499978685,21.876089000292822],[-160.23319000016301,21.86903099963617],[-160.23295300033652,21.862855000194298],[-160.24055899991458,21.851383999882628],[-160.24518299968614,21.847205000172266]]],[[[-160.54495599956422,21.653394000220946],[-160.54495599956422,21.652333000085026],[-160.54363900018745,21.650516999978763],[-160.54201499976566,21.64969899973789],[-160.54036699995274,21.649195000010927],[-160.53926200028806,21.649212999822748],[-160.53795599988359,21.64941899973573],[-160.53697099986948,21.649642999947918],[-160.53670999975361,21.649960000052921],[-160.53737299955242,21.650296999659265],[-160.53783500040808,21.650370999697891],[-160.53829700036545,21.650781999842476],[-160.53922200010507,21.651156000265249],[-160.53958399960501,21.651791000062872],[-160.54008599974534,21.652686999965002],[-160.54028699958678,21.653042000052881],[-160.54086999991802,21.653620999985439],[-160.54080899981864,21.654144000386374],[-160.54080899981864,21.65518999967664],[-160.54048800032658,21.656273000322912],[-160.53998600018625,21.656758999841745],[-160.53930199957273,21.657281999723537],[-160.53869900004835,21.65761800039067],[-160.53829700036545,21.657973000036769],[-160.53829700036545,21.658421000276725],[-160.53781500031661,21.659055999832585],[-160.53894099989768,21.659728999830907],[-160.54014900039286,21.660186999875567],[-160.54091799959858,21.659125999592895],[-160.5413779999061,21.65861599984601],[-160.54243200041549,21.656760000057265],[-160.5430249998941,21.65518900028518],[-160.54341999990433,21.65443400021806],[-160.54423199966604,21.653904000056176],[-160.54495599956422,21.653394000220946]]]]},"properties":{"GEOID":"15007","STATE":"15","COUNTY":"007","NAME":"Kauai County","BASENAME":"Kauai","AREALAND":1605377395,"AREAWATER":1674359172}},{"type":"Feature","geometry":{"type":"MultiPolygon","coordinates":[[[[-156.697418000173,20.916367999917572],[-156.69662888499312,20.915858524852556],[-156.6943466709964,20.914385064859989],[-156.69133400001121,20.912440000007852],[-156.68813200009672,20.906325000176402],[-156.68511699977998,20.902217999941747],[-156.68554313629627,20.893556129788145],[-156.68565599973024,20.891262000054731],[-156.68537899972083,20.887156000068458],[-156.6863549501067,20.88567038221283],[-156.68751600015358,20.883903000217231],[-156.68926000022594,20.881947999760278],[-156.68664599976719,20.879282999760964],[-156.68305552700133,20.876876686630954],[-156.67984199990516,20.874723000100325],[-156.67871955316102,20.870039098373741],[-156.67832700016163,20.86840100037594],[-156.6735729997954,20.861293999772581],[-156.66767600012966,20.857969999638296],[-156.66572574147818,20.855987365193627],[-156.66449924646793,20.854740509195384],[-156.65370099998447,20.843763000356397],[-156.65279085029476,20.84222381955697],[-156.65089400008017,20.839015999914473],[-156.64961191732016,20.837558940740088],[-156.64654899996788,20.834078000300519],[-156.6405190002327,20.832248999740724],[-156.63960805553404,20.831338055204405],[-156.6373790002425,20.82910900000363],[-156.63046200040256,20.822191999717841],[-156.62768300008739,20.813951000397061],[-156.62292500042153,20.808974999718924],[-156.61836600004895,20.807580999739887],[-156.61308500032635,20.809885999699233],[-156.60813900033949,20.809735999987037],[-156.6052193633767,20.808386525725584],[-156.59950000016849,20.805742999675331],[-156.59138300022929,20.799176000253468],[-156.58368300004162,20.794971000307005],[-156.56649500011127,20.792383000029947],[-156.5438252548401,20.780225235001801],[-156.54365700038741,20.780135000136461],[-156.53767500033283,20.774587000238338],[-156.52597399998942,20.775984000295033],[-156.52167295803721,20.778516232687995],[-156.51955699974164,20.779762000287604],[-156.5153840000568,20.787674999629118],[-156.510870999715,20.790437000209142],[-156.50618199964609,20.795120000232455],[-156.49970900022015,20.796465999755274],[-156.48947300028985,20.795425000162112],[-156.48852366788412,20.79511995152432],[-156.48457192235543,20.793850137805585],[-156.47753981598825,20.79159051236168],[-156.47392200030177,20.79042799984267],[-156.47292953438935,20.789547850934017],[-156.46404299984854,20.781667000060118],[-156.4612590004088,20.778465000366658],[-156.4605475365004,20.774837789477203],[-156.45967099997205,20.77036900016871],[-156.45970674303888,20.768302220722386],[-156.4599770002938,20.752674999646867],[-156.45896424054081,20.747909405470338],[-156.45637699999605,20.735735000337318],[-156.4556365267922,20.734789100121088],[-156.45289499969911,20.731286999924539],[-156.4510379996488,20.725469000390717],[-156.44822900009473,20.722078000384879],[-156.44773128491832,20.719270206618752],[-156.4469290911662,20.714744742111751],[-156.44631900034102,20.711302999827076],[-156.44777700018309,20.705522999622804],[-156.44600499962334,20.702163000176292],[-156.44589249012557,20.701332222074697],[-156.44456500022289,20.691529999813078],[-156.44502580721755,20.688702870964029],[-156.44540100027405,20.686401000233939],[-156.44508300025674,20.67976399971775],[-156.44482100031593,20.667244000206193],[-156.44258199977591,20.66577400016304],[-156.4418620000757,20.660089000395033],[-156.44244920811565,20.658768997455944],[-156.44353981227795,20.656317396113575],[-156.4436730000952,20.656017999831626],[-156.44225102179769,20.654053173980255],[-156.44135999993537,20.652822000402228],[-156.4418634059391,20.650898594774883],[-156.44279400038633,20.647342999912233],[-156.44643122147954,20.644771407001397],[-156.44664068704424,20.644623310733841],[-156.44666800032047,20.64460399977624],[-156.44746300036377,20.639813000014591],[-156.45066699992805,20.639124000375684],[-156.45371900005469,20.637029999683421],[-156.45223799974806,20.633686000342223],[-156.44611400030158,20.62968999992869],[-156.43925600001288,20.621267999831879],[-156.43690400039324,20.614003999969384],[-156.44017099970677,20.609461999958906],[-156.44069999961127,20.60428500002449],[-156.43728699980963,20.600761999872855],[-156.43689699982227,20.599735000290142],[-156.43551500014811,20.59824699961661],[-156.42642499989043,20.594473999721178],[-156.42482700030621,20.595671999995535],[-156.42287200034664,20.596162000315353],[-156.42165600035386,20.598968999665367],[-156.42028399982718,20.599177000163017],[-156.41714600038512,20.597208000379702],[-156.4140900000605,20.594743999605125],[-156.41271300040927,20.590594999968797],[-156.41421499973399,20.586401999881506],[-156.41230499998028,20.582901000090466],[-156.40362499980137,20.58322700041985],[-156.4022339999064,20.580178000402004],[-156.39926700016855,20.58014200031506],[-156.39857400023254,20.581993000294162],[-156.39756900012694,20.582024000343885],[-156.39602000004825,20.580368000019309],[-156.38671899990334,20.579512000362275],[-156.38379499982318,20.580823999817621],[-156.38203800023035,20.578836999629083],[-156.37830599968814,20.577721999946011],[-156.37379400006955,20.574915999777453],[-156.36779600012144,20.575736999659178],[-156.36508399975344,20.57753500024689],[-156.35755699981809,20.578424999832293],[-156.35465799985232,20.580382999824121],[-156.35025199964068,20.580525000033592],[-156.34865499988138,20.583512000369286],[-156.34154300004775,20.583107999885033],[-156.3396740003019,20.580416000062257],[-156.33572400019983,20.580970000165856],[-156.33244000026954,20.583562999994271],[-156.32304299986518,20.585018000070352],[-156.31439443892458,20.584423360862171],[-156.30495000028668,20.583774000207235],[-156.29961299958927,20.583083000375719],[-156.29075599985836,20.58548200028816],[-156.28656100043219,20.587833000099945],[-156.28324200034183,20.591766999979981],[-156.28189112459737,20.59217212790881],[-156.2772400001958,20.593566999706216],[-156.26457599957962,20.598667999671679],[-156.26233040450708,20.598032166480596],[-156.26162700028343,20.597832999637056],[-156.2587060562719,20.599723898176826],[-156.25731099958512,20.600627000274418],[-156.25717618941042,20.600710408139005],[-156.25209346763396,20.603855131006593],[-156.24874799958206,20.605925000038724],[-156.24612399997591,20.605517000170895],[-156.24387899958813,20.608208000248112],[-156.24364643384592,20.608315953699734],[-156.23823899984032,20.610826000183568],[-156.23498790969052,20.610965916247679],[-156.23410299996539,20.611004000166449],[-156.23182042215095,20.612304514790985],[-156.22743700019558,20.614801999664675],[-156.22279499998234,20.618988000171885],[-156.21903050737632,20.620638390112124],[-156.21331300008751,20.623145000008456],[-156.20534400028629,20.625463000066269],[-156.19131200023966,20.628502999773112],[-156.18678300000434,20.626930000041984],[-156.17872899981435,20.626997000158873],[-156.17692799984056,20.622557000151062],[-156.17051599961567,20.621087999905161],[-156.16670000030618,20.624699000289869],[-156.1635119997371,20.621904000054577],[-156.15439100041556,20.626316999686175],[-156.14458800013028,20.624032000064965],[-156.13903100022318,20.618122999919834],[-156.13578800030081,20.620087999800663],[-156.13404000003047,20.62368399977446],[-156.12800799974721,20.623091000382235],[-156.12385699980362,20.630056000397005],[-156.11925200029862,20.630169999880742],[-156.11229899957536,20.635056999991676],[-156.11074799984684,20.639699000189733],[-156.10409200012279,20.641034000302056],[-156.09370600040467,20.641756999627738],[-156.08477199978256,20.646763999914256],[-156.07874200004741,20.65110299971866],[-156.07266700010646,20.647874999925328],[-156.06467700038885,20.646528999831943],[-156.0554010003583,20.650458999689178],[-156.04987700006313,20.650564000419202],[-156.04662200044518,20.652595000295403],[-156.04039400034333,20.661050999863715],[-156.04080500024708,20.667248000169774],[-156.03730500040677,20.670003000266657],[-156.03425999995278,20.673518999866019],[-156.03139500032222,20.675043000271572],[-156.02850999970184,20.67928600028316],[-156.02532500040408,20.679997000269633],[-156.02053800042589,20.681259999944384],[-156.01691899986159,20.683795999779761],[-156.01279800005526,20.682122999695491],[-156.00537800025006,20.688156999606452],[-155.99858799973339,20.694905999869821],[-155.99682699994258,20.700209999889598],[-155.9935320001417,20.705443000341369],[-155.98762899972985,20.708190999874159],[-155.98775599995147,20.716374000259744],[-155.98335099956469,20.721752000267767],[-155.98318599970824,20.727034999938603],[-155.98571700032628,20.731415000106896],[-155.98406699996525,20.73373699992975],[-155.9829677818577,20.741020000405936],[-155.98284900032263,20.741807000407242],[-155.98285199979739,20.750081999596361],[-155.98131299976441,20.751923999637409],[-155.97927199959111,20.753100999966289],[-155.9790509996582,20.755922000282549],[-155.97972000020312,20.757147000230525],[-155.98196600041581,20.755913999995187],[-155.98385600007805,20.755780999775673],[-155.98464000025072,20.757414000275102],[-155.9864010000415,20.759852000385095],[-155.98549600039337,20.762415000239876],[-155.98317800021064,20.762981000223427],[-155.98021899997039,20.763614999602328],[-155.97894799972605,20.764610999858295],[-155.97981200026464,20.765908999855807],[-155.98115100028102,20.765787999679493],[-155.98354300008364,20.766355000015871],[-155.98440900027202,20.767764000098769],[-155.98511499972855,20.77354600009518],[-155.98794400027242,20.776551999637451],[-155.99674699957666,20.785068999673801],[-156.00043300008812,20.786055000349254],[-156.0004735760912,20.790941246625742],[-156.00047800029398,20.791473999742241],[-156.00967499978347,20.796889000310948],[-156.01403800033748,20.79683400022834],[-156.01898699979907,20.799048000352396],[-156.02222899989653,20.801574000233419],[-156.03625854125417,20.805505627893847],[-156.03861500011084,20.806166000244975],[-156.04040100001606,20.804853000102842],[-156.04442700028613,20.805204999876697],[-156.04854600044263,20.807287999747736],[-156.05114800030748,20.806456999656067],[-156.05689799966015,20.807077999681095],[-156.06095599971732,20.81092399996577],[-156.06342600023598,20.811843999852758],[-156.06585800022151,20.816154999694898],[-156.07226299987536,20.818618000120182],[-156.08766300025073,20.828256999829986],[-156.09747499985849,20.825056000138055],[-156.10361699974666,20.824761999694541],[-156.10665899982754,20.823031999639305],[-156.116091000392,20.82663099999948],[-156.11540799960341,20.830463999637178],[-156.12116299987727,20.838047999796526],[-156.12738500013134,20.841082000135231],[-156.12756058124353,20.842522250532951],[-156.12824729476921,20.84815520143535],[-156.12904700018797,20.854714999590399],[-156.12930761582493,20.855657395633422],[-156.12953943776211,20.856495670100593],[-156.13035699989206,20.859451999764751],[-156.14419599959481,20.858109999693834],[-156.14426000006725,20.86529199966553],[-156.14692200020656,20.865184999943544],[-156.15234699986922,20.859801000220212],[-156.15590699998401,20.859516999855625],[-156.15823299966434,20.86204400025596],[-156.16154000005909,20.86334299976231],[-156.16674600033696,20.865646000313191],[-156.16684000004827,20.8712879997851],[-156.17444599962627,20.876839999939733],[-156.18141799971781,20.879511999607026],[-156.1858020001882,20.884468000073603],[-156.19112700029174,20.887631000182903],[-156.19280199986883,20.889699999966012],[-156.19203600013785,20.891779999899761],[-156.19337142306281,20.893241384440298],[-156.19427300012973,20.894228000252852],[-156.19846000005828,20.895058000335712],[-156.20289899988194,20.897948000317129],[-156.20979999982836,20.903135000271138],[-156.21215300017121,20.903701000220071],[-156.2122240003163,20.904967000286891],[-156.21422100010867,20.905600000089873],[-156.21372099961818,20.907864999664874],[-156.21446999963072,20.909163000319907],[-156.21418500012368,20.913127000292555],[-156.21971100006866,20.915391000068588],[-156.22480900039145,20.914026000003524],[-156.22751900021132,20.915757000355878],[-156.22607600043784,20.921231000011822],[-156.22741399973108,20.928659999800683],[-156.23196399988279,20.928574999841299],[-156.23529200019397,20.931017000391229],[-156.24028300038668,20.935901000362502],[-156.25236200012353,20.937966000020449],[-156.2536400000406,20.934713999850572],[-156.25562168535399,20.93415605914846],[-156.2557320002675,20.934125000341052],[-156.26249500012167,20.939617999883183],[-156.2687850001478,20.934808999906366],[-156.27160958187878,20.934708438853455],[-156.27356000043042,20.934639000205532],[-156.27511600018184,20.937361000128309],[-156.27906499956069,20.943107999801363],[-156.28213500012902,20.94556799974221],[-156.29623400012278,20.942728000141567],[-156.30145299992111,20.941209000310387],[-156.3070349999426,20.93975499990913],[-156.31498500037551,20.945036999835807],[-156.32176300029829,20.947099000097197],[-156.325031000335,20.943620999825566],[-156.32873299984172,20.94472600029885],[-156.33337300040509,20.942330000187905],[-156.33670199964286,20.938655000064522],[-156.34116602114048,20.93878323768946],[-156.34129700000045,20.938786999734216],[-156.34930299961158,20.9385530002019],[-156.3556060000565,20.935757000306364],[-156.36307503979134,20.932263100412591],[-156.36932599993358,20.92933900011402],[-156.37362099981718,20.923691000158684],[-156.37804691298376,20.921097341090707],[-156.38122999976824,20.91923200005375],[-156.38369899956373,20.915983000073307],[-156.39329500015975,20.91506500002323],[-156.39347987973341,20.914964227685612],[-156.39683400035813,20.913136000033553],[-156.40475299993057,20.912359999682153],[-156.41164999967904,20.909704000050123],[-156.4188259999851,20.908253999668791],[-156.42173699964644,20.910322999582597],[-156.42532100005062,20.909800000290062],[-156.43084000032295,20.906858000249244],[-156.4368869997765,20.903326000390297],[-156.44691182554647,20.898484389544471],[-156.44976999977752,20.89710400029897],[-156.45838999968194,20.89744899998211],[-156.46072001662822,20.89773058636769],[-156.46797200003425,20.898607000176114],[-156.47147000022474,20.900720000139938],[-156.47424199996891,20.900392999757972],[-156.4796900000961,20.898074999673298],[-156.48042940879634,20.899840061398674],[-156.48085500003523,20.900856000145424],[-156.48089769965563,20.901493781443733],[-156.48112299982384,20.904858999994072],[-156.48486089960255,20.91018665152022],[-156.48536699965382,20.910908000115096],[-156.48746999975143,20.909482000361258],[-156.49177399985584,20.915367999676782],[-156.49166070792546,20.916243243911509],[-156.49145699966343,20.917816999652469],[-156.49149594612257,20.918001225402584],[-156.49251000034792,20.922797999954714],[-156.49641500024416,20.930871999702116],[-156.5042409999302,20.934423999616584],[-156.50726299991965,20.93684600028423],[-156.50787200019008,20.939884000070069],[-156.50843899972944,20.947385000022184],[-156.50935408386496,20.947958277618593],[-156.51597800025863,20.952108000377336],[-156.5181309996866,20.956543999858141],[-156.52093400029122,20.961917000229374],[-156.52515899985463,20.964262000033081],[-156.52568100008645,20.972523000144378],[-156.52500700041699,20.981081000381824],[-156.52540499990195,20.987305999797503],[-156.53097799970257,20.984641999783584],[-156.53569000023603,20.984965999727564],[-156.53813100044241,20.989250000376824],[-156.54119699991443,20.995915999644058],[-156.54367400010582,21.001301000255253],[-156.54566699970027,21.002307999901436],[-156.54950399982442,20.99826699991155],[-156.55211900010806,21.000706999665685],[-156.55494600010383,21.008630000095792],[-156.56013499976495,21.013881000301549],[-156.56568400017446,21.0118530001766],[-156.56933700017566,21.015942000378764],[-156.57336500009555,21.017871999885219],[-156.5787040004428,21.016858000215574],[-156.58347499962915,21.018602000378547],[-156.58426392077291,21.02111005061839],[-156.58444100027498,21.021672999789743],[-156.58820899990388,21.024211999893009],[-156.58853399959392,21.030817000093471],[-156.59249799993972,21.028974999672297],[-156.59369800003898,21.030948000218107],[-156.60331899985101,21.031191000297934],[-156.60811000002715,21.024685999892796],[-156.61338599972692,21.023323000249977],[-156.61604299984336,21.024512000418223],[-156.61869699958677,21.024341999607756],[-156.62495099962788,21.021810999588869],[-156.63404500008357,21.025136999782955],[-156.64108499994714,21.023276999959133],[-156.64109900019085,21.018847000386437],[-156.6375609998174,21.014951000342037],[-156.63778099992544,21.013026000363126],[-156.6384270997188,21.012830189301319],[-156.64537999983077,21.010723000340345],[-156.64636367393149,21.009387291835964],[-156.64656024328195,21.009120374618373],[-156.64687027524269,21.008699389286356],[-156.6493299271693,21.005359486338374],[-156.64946800002511,21.00517200026346],[-156.65349900031811,21.004501999681047],[-156.65555300001185,21.00571399971005],[-156.65937500006746,21.003736999631052],[-156.66572600019296,21.00379299988175],[-156.6667990000706,20.998619999581368],[-156.66621300026469,20.996210999892213],[-156.66720894804715,20.994310811247022],[-156.66841065135216,20.992018058920241],[-156.66905684277373,20.990785178924728],[-156.67334799966451,20.982598000007275],[-156.6769501127998,20.977418832681543],[-156.67732911201816,20.976873901322449],[-156.67931335214024,20.974020932755849],[-156.67991700024822,20.973153000066478],[-156.68409999997886,20.963784999686702],[-156.6864759998879,20.956050999796954],[-156.68696669203541,20.955495491732105],[-156.68878499984979,20.953436999718722],[-156.69016896413945,20.950936083880915],[-156.69036918783647,20.95057426518671],[-156.6922939999109,20.947096000024668],[-156.69271056038625,20.940485410664802],[-156.69317500016794,20.933114999954526],[-156.69512346129056,20.928827526058871],[-156.69543999974888,20.928130999812485],[-156.69571977734921,20.926467189312856],[-156.697418000173,20.916367999917572]]],[[[-156.70000099977128,20.527923999728362],[-156.70098599978539,20.524817000377247],[-156.69782700042694,20.52197300033108],[-156.69602599955485,20.522470999809034],[-156.6945590003902,20.519030000386479],[-156.69170300008213,20.516457999810626],[-156.68871500042789,20.516457999810626],[-156.68522300008519,20.515313999952102],[-156.68320000035357,20.512200000308763],[-156.68585200044711,20.5084320000412],[-156.68293900023767,20.5067749996118],[-156.68235199970852,20.505141000246638],[-156.6795339999336,20.503392999594851],[-156.67691700000012,20.504023999838129],[-156.67260799987278,20.501009000366594],[-156.67053300026262,20.503205999848962],[-156.6689020001682,20.503888000146741],[-156.66630899962581,20.500913000044342],[-156.66342800010173,20.501301000240908],[-156.66225099956867,20.503631000165189],[-156.6563940000859,20.505464999830455],[-156.65421300017053,20.507846999588125],[-156.65216699997436,20.510804000282821],[-156.65092900024027,20.511112000254347],[-156.64850399992744,20.514470999881777],[-156.64610499955384,20.515913999890625],[-156.64537200033314,20.512720000252653],[-156.64416100036325,20.510944999966942],[-156.64458899998544,20.509266000340631],[-156.64360399997136,20.507303000211156],[-156.64029499992671,20.505008000294421],[-156.63081899987964,20.510437999888346],[-156.62223099976225,20.513929000364552],[-156.61061900000564,20.516490000042666],[-156.60915899961537,20.512986000110882],[-156.60333200026983,20.515744000413164],[-156.5929540000493,20.515277999729566],[-156.59105500016625,20.512006000252832],[-156.58734299971547,20.508416999906476],[-156.5838930001039,20.508013999887797],[-156.58338099991784,20.509498999910335],[-156.57877100038996,20.511351000152342],[-156.57393300035812,20.511118000034543],[-156.57330700036923,20.513372000120857],[-156.57092800008715,20.514983000181449],[-156.56735000042903,20.516113999628089],[-156.56254900020716,20.5149640000941],[-156.55934100044487,20.515405000406723],[-156.55733299988353,20.518335000035012],[-156.55327400000149,20.517469999808778],[-156.55026700008068,20.515532999651047],[-156.54815499976226,20.512518000380627],[-156.54520300009304,20.512030999610268],[-156.54100500029384,20.516022000084174],[-156.54126700023463,20.520161000224746],[-156.53907700009844,20.52188700030111],[-156.53428699974717,20.525120999592701],[-156.53178600016469,20.528256999822268],[-156.53358200011556,20.534425999829129],[-156.53933400001637,20.534019000043379],[-156.54097699980642,20.535692999608077],[-156.54363300009794,20.537372999792325],[-156.55071599961926,20.534211000335592],[-156.55404399993043,20.536881999851868],[-156.55402999968672,20.540486000181527],[-156.55196500012229,20.543741000209994],[-156.55330999998648,20.545517999787595],[-156.54785799966135,20.552112000245984],[-156.54670799979081,20.559823000394942],[-156.54799400010378,20.564879999976007],[-156.53797400008358,20.568579000263576],[-156.53879000004326,20.572729999746521],[-156.53902799969461,20.576175999705605],[-156.54971899990957,20.58935800012269],[-156.55360399971437,20.594729000371579],[-156.56233300029706,20.598585000200217],[-156.56500100028416,20.60200800031993],[-156.56840499986504,20.603090000355607],[-156.57530499998651,20.603414999789404],[-156.5799210002605,20.602734999975144],[-156.58811199981952,20.600152000394218],[-156.59709499994713,20.596128000292534],[-156.60872599997035,20.590123000390744],[-156.61124099979654,20.588293999686588],[-156.61377999991223,20.584190000322312],[-156.62147099987905,20.580759000280043],[-156.62396399996393,20.579433000306135],[-156.63238300002695,20.572532999995811],[-156.63608200005888,20.571361000258214],[-156.64193600006695,20.567069999774802],[-156.6456429995965,20.563502999581988],[-156.65061100022294,20.562373999926265],[-156.65988899990333,20.560923000395626],[-156.66568400036016,20.557987000248055],[-156.67334500018978,20.556658999985103],[-156.6774569997753,20.554975000226886],[-156.67873499969232,20.551556999620857],[-156.68056099978048,20.549424000389305],[-156.68420700010896,20.547072000323709],[-156.6873289996575,20.544440000222327],[-156.68769400042879,20.542552999637838],[-156.69382200007323,20.538458000145649],[-156.69833700006487,20.53302100011939],[-156.70000099977128,20.527923999728362]]],[[[-157.06024199992527,20.901924000148593],[-157.06112800020514,20.890635000080433],[-157.05825799965336,20.883546999722608],[-157.05424399997719,20.878997999640831],[-157.05455199994876,20.877218999912518],[-157.05314500016027,20.875671999752182],[-157.05151900008866,20.872860000155299],[-157.04966500041147,20.870195999792561],[-157.0460369996263,20.870078000163801],[-157.0422210003168,20.866877000355068],[-157.04007200018847,20.867720000151525],[-157.03789499957273,20.866292000304206],[-157.03744400038437,20.864440000379808],[-157.03535600035542,20.862881000138373],[-157.0318480001192,20.863259000317864],[-157.01119700015843,20.854009000164179],[-157.00624299977568,20.849603000003125],[-157.00591899991056,20.847214000018639],[-157.0025089995836,20.843464000123696],[-156.99183400016051,20.826603000354726],[-156.9879049999748,20.817396000362759],[-156.98813900032653,20.806982000176994],[-156.98997600028531,20.800453000365369],[-156.98813599995347,20.797159000349268],[-156.99025300029473,20.796456000400784],[-156.9904540001362,20.793557999651146],[-156.99004599970721,20.791138000043077],[-156.99222900017071,20.787169999881083],[-156.99152199999099,20.77986600017373],[-156.98935899961896,20.779289999968789],[-156.98192600029327,20.753522000086743],[-156.9767819999397,20.747424999608462],[-156.97304500027292,20.745182000296214],[-156.9662809996955,20.7366240000099],[-156.96640000041955,20.733359000178119],[-156.96333800024715,20.731926999753881],[-156.95914999959533,20.733227000055795],[-156.95582700020535,20.73443600033082],[-156.94558799990202,20.735759000199554],[-156.93799200036975,20.736467999628623],[-156.93472400033303,20.734133000297319],[-156.93044600016785,20.736129000184491],[-156.92159899958435,20.734762000022169],[-156.91853899996013,20.737404000344132],[-156.91695323992167,20.737321154782812],[-156.9135240003763,20.737141999799221],[-156.91061241231844,20.736545746122832],[-156.90762998671056,20.73593498619109],[-156.90692200018063,20.73578999998097],[-156.90440290942661,20.736442224702039],[-156.90125599959521,20.737257000100673],[-156.89794437826663,20.739926946551847],[-156.89782400042529,20.740024000166571],[-156.89402099973796,20.739356999988853],[-156.89310400039426,20.735678000334179],[-156.89038399963033,20.735022000138564],[-156.88736599983883,20.739402000225585],[-156.88755669241073,20.741859364157257],[-156.88760400038854,20.742468999661408],[-156.88585347675053,20.743833451122164],[-156.88475200027841,20.74469200003632],[-156.88419222588888,20.744342124890537],[-156.88052500016687,20.74205000011208],[-156.87669899991332,20.743530999997517],[-156.87183999996509,20.74638699958459],[-156.86654800037184,20.751644000404152],[-156.85720200002109,20.754613000129758],[-156.85189700000905,20.757898000336631],[-156.84759999957728,20.757231000021676],[-156.84268000042803,20.757557000149131],[-156.83686900007766,20.760285000270258],[-156.8324219998581,20.765891000397993],[-156.82984799958234,20.766916999668869],[-156.82838999974021,20.770545999997278],[-156.8219170003143,20.783034999673188],[-156.81415100000441,20.791774000071189],[-156.80623400008173,20.806603999751076],[-156.80590799966851,20.82166800013756],[-156.80954399995127,20.827791000019662],[-156.81203700003616,20.830351999679202],[-156.8214379997402,20.846839000205065],[-156.82523700022958,20.850730999798202],[-156.82881599971259,20.855882999780395],[-156.83704700035292,20.86357499962303],[-156.86970400025558,20.892927999695452],[-156.88253899967768,20.904462999933589],[-156.88475700030128,20.90439399959358],[-156.8932850001442,20.911689000053034],[-156.90038899958191,20.914900000095603],[-156.91528699981694,20.91964700029779],[-156.92316600010474,20.919960999662244],[-156.93738700029724,20.92341599978154],[-156.94239199983531,20.92214799986899],[-156.95225299984688,20.922846999852059],[-156.96841499975525,20.923290999595821],[-156.9776840001131,20.926177000266563],[-156.9869540002959,20.928841000343187],[-156.99337099964532,20.927731000194349],[-157.00145199959951,20.927731000194349],[-157.0073940003694,20.926399000403986],[-157.0217340003876,20.926044000227005],[-157.03547299963293,20.922419000138959],[-157.04802699974599,20.914618000363411],[-157.05205100036622,20.91393800023808],[-157.0563570001205,20.910459000112255],[-157.06024199992527,20.901924000148593]]],[[[-157.30647199976332,21.108190999841106],[-157.31074800027866,21.101626999707371],[-157.30409199965629,21.095169999689013],[-157.29884100007095,21.093369999692698],[-157.28738300030008,21.093355999671484],[-157.28357600031313,21.093038000031768],[-157.27835300031683,21.09163899987777],[-157.27407099995369,21.091478000192463],[-157.25253399971311,21.08767000038786],[-157.24970099986956,21.084801999865721],[-157.24241400013375,21.088037999864572],[-157.21607999986921,21.089990999645611],[-157.20256199965849,21.089774000099585],[-157.18676799999616,21.091653000060806],[-157.18399000040418,21.090980999844621],[-157.17849600024624,21.09101100012861],[-157.17448400021985,21.092382999993809],[-157.16878300037271,21.09251000001192],[-157.15737499993224,21.092766000332109],[-157.14906399982431,21.091537999715566],[-157.1462829998593,21.093014000300137],[-157.13842799986094,21.093866999590581],[-157.12681799975411,21.097842000233097],[-157.11730800027016,21.098843000035842],[-157.11271399973748,21.100747000078037],[-157.10539199984157,21.101649000071262],[-157.10187679960836,21.100659530250812],[-157.10110399963065,21.100441999860834],[-157.09558299970854,21.10358400023944],[-157.09198099976101,21.102158000304282],[-157.09183438752007,21.102155642801456],[-157.0806600002575,21.101975999800654],[-157.07108999960076,21.099123999764696],[-157.06686599986227,21.100501999953078],[-157.06627794471095,21.100413597193914],[-157.05977499994503,21.099435999899423],[-157.04851999966544,21.095820999709503],[-157.04128011297308,21.096020569491607],[-157.04093800037688,21.096029999892409],[-157.03779008622902,21.095233797726628],[-157.03511060487429,21.094556075960206],[-157.03402700038473,21.094281999668034],[-157.02942600017937,21.087792999729029],[-157.02813704710402,21.087753589661599],[-157.02664600003925,21.087707999861284],[-157.02348799960743,21.085722999871361],[-157.01868399991079,21.085419999685982],[-157.01314464381412,21.083343493504124],[-157.00950925797903,21.081980717407749],[-157.00763200002081,21.081276999849088],[-157.00463707884728,21.080428244992145],[-157.00325299957331,21.080036000205745],[-157.00288299967744,21.078212999970962],[-157.00052000018718,21.07675499977762],[-156.99867444108034,21.07773677309196],[-156.99798600009439,21.078103000043477],[-156.99554753134049,21.078138153726428],[-156.99468331161296,21.07815061287566],[-156.99229799976769,21.078184999585648],[-156.98945379793255,21.076824088166767],[-156.98927381956707,21.076737970548866],[-156.9881570834132,21.076203627632339],[-156.98704113777674,21.075669662510631],[-156.98437124863264,21.074392157208266],[-156.98246699989335,21.073480999972631],[-156.98095499962454,21.070441999590095],[-156.97770106630688,21.070615543036482],[-156.97232999969728,21.070902000348479],[-156.96562899976735,21.068192999704596],[-156.95387200024578,21.066127999680642],[-156.94852600022585,21.063388000038028],[-156.94270400000485,21.062912999891395],[-156.93485900005226,21.060795000036617],[-156.931179972264,21.060453160477454],[-156.92081399958681,21.059490000181551],[-156.91428300043455,21.056703999818819],[-156.90046399992497,21.054445999704818],[-156.89649010283966,21.05544060013283],[-156.89516999978358,21.055771000378495],[-156.89290600002752,21.0530040003745],[-156.8925949996829,21.049337999681605],[-156.88670499968981,21.048815999829674],[-156.88376300006635,21.047123000083126],[-156.87449600025664,21.045478000097358],[-156.87307799969918,21.04865899977959],[-156.86953799967591,21.049473000154897],[-156.86573700043502,21.049559999593924],[-156.86050799969263,21.051999999934271],[-156.85775100001706,21.055731000018337],[-156.85123900023308,21.057102000070003],[-156.84838700012295,21.054883999886275],[-156.84908300043207,21.051010000085682],[-156.84586796236957,21.052898478723819],[-156.843658999696,21.05419599966271],[-156.83600600026233,21.053915999821253],[-156.83317500006862,21.057324000139438],[-156.82677799991234,21.060669999951966],[-156.82176599980323,21.060650999695167],[-156.81893286611071,21.063520224755933],[-156.81858298129075,21.063874566234304],[-156.81705599981797,21.065420999824916],[-156.8115270003982,21.066044000064572],[-156.80220000031403,21.06709499987797],[-156.79707100002906,21.070954000373849],[-156.7908680000416,21.07218400012119],[-156.78712100032905,21.079036000229042],[-156.78159200001102,21.081963999745483],[-156.77494399978457,21.082163999691975],[-156.77409000019009,21.085346000268839],[-156.76559199958606,21.092139000208689],[-156.75797900033533,21.096563999970421],[-156.74476900009617,21.106899000244166],[-156.74341199963811,21.110861000328683],[-156.7393419998854,21.111335999738902],[-156.7359640002438,21.114095000332501],[-156.73007400025077,21.124044000119813],[-156.72289200009695,21.128950000109899],[-156.71602299993756,21.140946000049954],[-156.71243400040882,21.144025000077281],[-156.71113399985214,21.152882000034708],[-156.70910600009765,21.158654999630514],[-156.71708400011966,21.160504000313772],[-156.72864999984552,21.157535000005833],[-156.73165699976633,21.15925099989893],[-156.73572599969415,21.15954200015193],[-156.73501299966659,21.168851000401364],[-156.7390540000053,21.173505000296387],[-156.75654451120084,21.17441041584399],[-156.75918299973424,21.174546999690133],[-156.77016000017943,21.176219999796313],[-156.77302200033529,21.173721999608819],[-156.77684500021579,21.17483500034685],[-156.77965499959481,21.173110000267599],[-156.78429500015821,21.17408499994345],[-156.78754099955529,21.17106700034434],[-156.79039299966541,21.168408000325915],[-156.79609699988563,21.168851000401364],[-156.79896400006436,21.173357999878721],[-156.80386900004336,21.175218999791692],[-156.81034200036763,21.17298500012361],[-156.81918800022785,21.171376000111653],[-156.82420000033693,21.168057000379537],[-156.82716299987678,21.168357999697061],[-156.83065799969427,21.164116000360213],[-156.83795200000105,21.164491999738388],[-156.84265100011569,21.166826000151332],[-156.8483539996127,21.165876999681004],[-156.85013700004313,21.164411999790296],[-156.8560639998461,21.163540000315763],[-156.8658629999334,21.161389000124348],[-156.86794400028967,21.164519999751896],[-156.87643299977455,21.165970000151457],[-156.87928499988467,21.161092999674796],[-156.88332500039843,21.161757999595459],[-156.88403900025088,21.166190999701762],[-156.88498900010487,21.168628999585771],[-156.89212000020504,21.168628999585771],[-156.89615999982053,21.1633099996019],[-156.90138899966462,21.161979999828439],[-156.90346599982291,21.164209999666042],[-156.90816699958737,21.164215000037398],[-156.91355299979031,21.165912000207218],[-156.91423900005364,21.1691229995957],[-156.91507000008195,21.171147000045085],[-156.91809350115622,21.168574483835293],[-156.92080699991413,21.162826000290369],[-156.91710000038458,21.16371000021303],[-156.91332600000956,21.15973399973787],[-156.91259600026359,21.158148000376627],[-156.90883100010942,21.155417000410928],[-156.90864199996355,21.154147999737564],[-156.9070410000063,21.152597000342148],[-156.90695300014278,21.151620000031475],[-156.90552000041501,21.151837999922861],[-156.9014720004036,21.148789000088932],[-156.8983180001697,21.148358999805204],[-156.89602799957606,21.148993000161045],[-156.89636200038524,21.148123000213864],[-156.89887600038654,21.147604000027709],[-156.90028099962689,21.145423999756858],[-156.90048999986425,21.142970999871558],[-156.89921100012228,21.142100000192453],[-156.89894499998351,21.140831000203999],[-156.90079500036109,21.139080999949798],[-156.90165900000136,21.133281000336609],[-156.90024100034222,21.131624999626471],[-156.91493899966238,21.129671000019584],[-156.9180719999799,21.129479000010797],[-156.91968100033307,21.130069000040152],[-156.92258199994868,21.132103999735424],[-156.92532199990578,21.135864000006553],[-156.9288030003778,21.138212999603006],[-156.92984000027045,21.139617999635114],[-156.92987799990527,21.141523999964075],[-156.93467599975412,21.149355999988721],[-156.93507900016027,21.150779000029843],[-156.9360950001365,21.151116000299119],[-156.93694100023342,21.153348000214027],[-156.93917700040038,21.155450999758514],[-156.94162899957908,21.156214999892676],[-156.94157000002784,21.159629999888331],[-156.94213499991739,21.16017300040798],[-156.94498600020259,21.158477000060508],[-156.94416299967187,21.157673000164465],[-156.94667000000049,21.156976000238895],[-156.94793799987181,21.155796000162514],[-156.94766099986236,21.154801999850463],[-156.95103500020429,21.153463000395824],[-156.95611799956018,21.156695000381632],[-156.95759999969175,21.158041999683611],[-156.95893399968529,21.160948000019683],[-156.95863099973658,21.163360000261008],[-156.9591739998848,21.167028000055506],[-156.95873600021687,21.169222000111507],[-156.95932700004568,21.172154999604444],[-156.95870600007964,21.174550000205944],[-156.96067299973481,21.179363999820183],[-156.96299699976529,21.180021000302471],[-156.96307399975819,21.178997000147881],[-156.96163699983248,21.176058999813435],[-156.96248799995226,21.175222999623621],[-156.96301199983392,21.172044999811888],[-156.96259599990731,21.171089999812491],[-156.96367299998289,21.166445999932673],[-156.96474800040866,21.16566799993279],[-156.96233300014157,21.163258000104832],[-156.96259900028036,21.162299000176418],[-156.95985199975223,21.161525999781087],[-156.96170600032778,21.160542000397328],[-156.96250800004375,21.159368000233506],[-156.96451700042999,21.159346000055919],[-156.96504899980923,21.159847999714543],[-156.96561799989675,21.160507000276635],[-156.96750599990915,21.162089000145489],[-156.96752099997775,21.161900999617664],[-156.96819100034759,21.16264200003301],[-156.96871699987904,21.163259000353111],[-156.96922499986718,21.16364599958473],[-156.96962599972514,21.164144999849441],[-156.97163299956327,21.165655000267396],[-156.97142000002623,21.168899999815803],[-156.97371300009462,21.173760999825927],[-156.97390100041559,21.175371000029486],[-156.97745300013443,21.176881999949586],[-156.97932600007826,21.178102999622276],[-156.98080200036202,21.177900999763139],[-156.98402000017001,21.17919200003924],[-156.98667300008847,21.178543999691229],[-156.98877000033832,21.178521999851927],[-156.99293299997743,21.177686000182199],[-156.99544600015381,21.178272000229576],[-156.99999799995535,21.177850999830063],[-157.00411999958661,21.178514000366434],[-157.00269100005681,21.176934999840054],[-157.00286000011124,21.176121999936885],[-157.00347299968132,21.177095999706967],[-157.00540699972447,21.177966000237234],[-157.00613099962266,21.179141999704996],[-157.00794699966508,21.180034999677915],[-157.01093600004253,21.180807999694469],[-157.01195399966861,21.181600999831431],[-157.01461199960994,21.182349000410387],[-157.01459082901363,21.18352493319054],[-157.01589700009799,21.183846999647454],[-157.02569399963713,21.186145999623644],[-157.0350330003152,21.187523999751544],[-157.04319799993499,21.188288000105011],[-157.0499239999792,21.185826999607119],[-157.06007299987084,21.185781000225401],[-157.0651500002773,21.188575999963255],[-157.06650422494116,21.188579140071155],[-157.07377500020459,21.188595999827843],[-157.08204799977941,21.190807000086043],[-157.09274200036739,21.194852000202772],[-157.09430096545756,21.195079961009824],[-157.10160499994609,21.196147999978081],[-157.10170057170919,21.196130896520501],[-157.10704200020263,21.195175000132981],[-157.10711799947231,21.195175253910076],[-157.11185398592215,21.195191090268185],[-157.11242500003249,21.195192999877566],[-157.11843600039936,21.197428999854374],[-157.12135399973343,21.196812999734981],[-157.12980700013159,21.199534000007144],[-157.13330724970353,21.199360131729815],[-157.13600401284771,21.199226175512266],[-157.13622900040218,21.199215000414341],[-157.14301599964747,21.19940000039599],[-157.1431279998005,21.197217000255417],[-157.14689700015262,21.197542000073348],[-157.15142800003778,21.197883000239869],[-157.15451799979925,21.197662000315063],[-157.15641900023044,21.198770000007521],[-157.1571349997327,21.201577000168346],[-157.1616380000288,21.201763999679969],[-157.17117199980223,21.201322000224383],[-157.17855800017051,21.203276000291599],[-157.18087299998024,21.202809999962998],[-157.18679499976034,21.203333999816273],[-157.19243899970607,21.207644000156204],[-157.19647300037212,21.214227999961469],[-157.20048500039849,21.217130000086883],[-157.20295699966869,21.215297999903093],[-157.21208200008653,21.221847999990352],[-157.21559199997259,21.218054000301482],[-157.22107000023695,21.217406000398004],[-157.23213299999762,21.218108000374368],[-157.23883200027765,21.217828000185264],[-157.24401699974081,21.219634999931539],[-157.24598900031714,21.221071999932871],[-157.25391485493356,21.224073374380065],[-157.25410399970818,21.224145000016506],[-157.25752200043107,21.222394000107798],[-157.26028599977928,21.219155000301029],[-157.2589140001509,21.215412999638684],[-157.25610100039884,21.212995999951609],[-157.25025999991126,21.207739000208981],[-157.24764999965052,21.196766999584931],[-157.24955899957934,21.191492999958022],[-157.24830900014967,21.188723000328928],[-157.24969500002175,21.184401000390892],[-157.25244300037483,21.182336999817306],[-157.25137499962176,21.177815999615529],[-157.25671999981674,21.17106700034434],[-157.26985399988789,21.160429999814436],[-157.27337600036785,21.159752999879682],[-157.27722000016473,21.158430999713254],[-157.28301899992121,21.152754000278865],[-157.28843500026133,21.146829000109577],[-157.29106399989038,21.143018999926234],[-157.2907230003068,21.138921999777253],[-157.29237100011974,21.135849999804979],[-157.29673700014845,21.133047000256603],[-157.29846100012935,21.128057999997203],[-157.30056699970166,21.124026999776333],[-157.2987530002074,21.120751999932693],[-157.30089399993977,21.114641999908216],[-157.30647199976332,21.108190999841106]]]]},"properties":{"GEOID":"15009","STATE":"15","COUNTY":"009","NAME":"Maui County","BASENAME":"Maui","AREALAND":3008374290,"AREAWATER":3203268772}},{"type":"Feature","geometry":{"type":"Polygon","coordinates":[[[-156.0607590000738,19.730548999772171],[-156.06150899991124,19.728010000418816],[-156.05248499977574,19.718667000338769],[-156.04947100018225,19.714373000035135],[-156.04905799973037,19.70441799983686],[-156.04858605093125,19.702062554759721],[-156.04809845168325,19.699628996369988],[-156.0479599997384,19.698937999618799],[-156.04506581114927,19.694077144814024],[-156.04435600014099,19.692884999820329],[-156.03913499979453,19.692485999902846],[-156.03607900036826,19.690252000314864],[-156.03598741892168,19.690099217783093],[-156.0342039998763,19.687123999713506],[-156.03509699982888,19.684104000183254],[-156.03241999962097,19.679579000060837],[-156.02684000014759,19.676197999947],[-156.02742699977844,19.672154000066069],[-156.02783925912019,19.668899137299466],[-156.02790399980441,19.66838799957954],[-156.03099399956591,19.667045999739344],[-156.03114199970389,19.660281000293693],[-156.03243800006263,19.655999999952211],[-156.02898199970491,19.650098000003084],[-156.02401899999964,19.647365999900821],[-156.01670600032455,19.64757300022902],[-156.01426799959293,19.645106999893493],[-156.00224145518044,19.638090623594337],[-156.00079200011331,19.637244999771518],[-155.99654715946022,19.638816550862973],[-155.99566000035361,19.639144999581543],[-155.99416534924794,19.638119871181118],[-155.99288098207214,19.637238968994833],[-155.99130199982253,19.636156000105064],[-155.99131100004334,19.632249999921623],[-155.98720895828276,19.625872457017632],[-155.98681191819855,19.625255168745134],[-155.98556400016543,19.623314999891484],[-155.98697799962659,19.620752000361307],[-155.9859130001449,19.616934999601153],[-155.97885727527225,19.609326501921458],[-155.97511384456635,19.605289794943751],[-155.97378699965401,19.60385900019897],[-155.9743408532475,19.603039758304739],[-155.97642700005204,19.599953999903054],[-155.97590673716198,19.599325821356089],[-155.9752235099979,19.598500877044913],[-155.97198200038062,19.594587000276146],[-155.9713899998286,19.587635000248518],[-155.97101793650253,19.58710252939434],[-155.96641700007754,19.580517999648681],[-155.96800399979111,19.577678999801659],[-155.96791099990466,19.568244999630991],[-155.96398400026709,19.562280000222739],[-155.96394692140544,19.560421224050323],[-155.96393800023637,19.55997399980707],[-155.96553499999561,19.558935999830801],[-155.96668200039142,19.553978999830552],[-155.96457300044608,19.551886000079953],[-155.9611689999669,19.550853000102993],[-155.9558580001071,19.532626000242342],[-155.95590917173891,19.529052115339187],[-155.95596500023717,19.525152999638806],[-155.96021300026516,19.520158000262253],[-155.96016600040946,19.515004000267037],[-155.95755100012582,19.514108000049177],[-155.9518469999056,19.504921999811906],[-155.94819800010237,19.495474000030317],[-155.95042500004848,19.486647999695723],[-155.94652000015222,19.483160000104956],[-155.94104299971275,19.483078000337297],[-155.93725300034254,19.479067000286946],[-155.93379000031211,19.47911100005901],[-155.93376228548897,19.479306843531308],[-155.93330800026328,19.4825170004207],[-155.92997999995211,19.482964999701235],[-155.92412400029423,19.481406000048558],[-155.92260899965237,19.478610999712593],[-155.91975999991533,19.475346000305095],[-155.92142399962177,19.47153700016991],[-155.92248700035196,19.465414999856606],[-155.92776700024967,19.458811999922759],[-155.92191900008942,19.453176999789108],[-155.9222560003733,19.449148999736249],[-155.92023500029148,19.445764999816273],[-155.92141500029928,19.435898999822186],[-155.91976800031125,19.430429000422116],[-155.91719300021057,19.426038000160283],[-155.9131050000162,19.425367999756538],[-155.9121540003373,19.423574999609137],[-155.91357423769983,19.421534822228622],[-155.91435100014624,19.420419000393309],[-155.90961891058808,19.415956597200314],[-155.90908700014202,19.415455000055069],[-155.90499750515104,19.410463311437841],[-155.90487599992403,19.410314999910256],[-155.91041600011272,19.3999259995819],[-155.91085799997859,19.396512999823333],[-155.89879199976221,19.377983999818017],[-155.89053599990586,19.355853999787321],[-155.88672200024615,19.345552000321515],[-155.88524099993953,19.33882100001177],[-155.88517900001526,19.329395000251296],[-155.88965700019696,19.324220999710207],[-155.89067099962506,19.318543999725122],[-155.88769100036674,19.313248999600248],[-155.887781999705,19.306794999774809],[-155.89004999965903,19.300693000038688],[-155.88833499989897,19.296554000134837],[-155.88967499974029,19.293542000171374],[-155.88869599957403,19.289042000393216],[-155.89128900011633,19.284530000230088],[-155.8915390003616,19.276490999984034],[-155.89581300032879,19.262794999811131],[-155.89935500000189,19.25657800008706],[-155.90063299991897,19.2474639996374],[-155.89729100026241,19.240221000308267],[-155.90072199960741,19.232385000145214],[-155.90220600028709,19.22309100005484],[-155.90118199991494,19.215419999724165],[-155.89927600035921,19.210280000305335],[-155.90564300037826,19.202559000307843],[-155.90803699983064,19.186729000316408],[-155.91048999973259,19.181310999579438],[-155.90774999977546,19.176786000370448],[-155.90827500038031,19.171897999928568],[-155.90863100003244,19.168591000229323],[-155.91204800003212,19.165564999879265],[-155.91643199960416,19.156615999758017],[-155.91462599960752,19.15266599957949],[-155.91025299990611,19.151227000208845],[-155.91117599999589,19.146057000127385],[-155.91424499984097,19.139943999906286],[-155.91818300024752,19.134374999762464],[-155.91693299991957,19.127638999704129],[-155.91829000037768,19.114804999612392],[-155.91107200023882,19.096056000284417],[-155.90769299987403,19.08397200007164],[-155.9072923853933,19.082184573972267],[-155.90677900000503,19.079894000339603],[-155.90359800000698,19.077566000143445],[-155.89724400040672,19.071014000362506],[-155.89010200043589,19.06020100041486],[-155.88627799983215,19.055759999594301],[-155.88329199982775,19.052066000352621],[-155.88143599960236,19.046573999932651],[-155.88155000030352,19.036644000047783],[-155.87959199997087,19.033534000056758],[-155.86704899972852,19.029784000203005],[-155.86105199960531,19.024657000192786],[-155.85444399956185,19.02285900028641],[-155.85044999997714,19.019403999907137],[-155.84391800010167,19.019597999611946],[-155.83519500026509,19.018326999757093],[-155.82744400002377,19.016079999795206],[-155.80731399957162,19.010245000320513],[-155.80101100002503,19.010114000074633],[-155.78972599960821,18.999248999958724],[-155.78586500009288,18.998031999608493],[-155.77558700032981,18.989941999576033],[-155.76310900038479,18.983010999983765],[-155.75918799969668,18.97725899996335],[-155.75473999965217,18.976207000365527],[-155.74131500022619,18.970149000067764],[-155.73483600005417,18.969956000381444],[-155.72904999981819,18.967566000362034],[-155.72361299956162,18.966436999707984],[-155.71922499979163,18.961018999849166],[-155.71484799989227,18.960304999694007],[-155.70730699971324,18.954152999594491],[-155.70571599980175,18.950189999793448],[-155.70129500041978,18.947719999884669],[-155.69690000007873,18.946300000215583],[-155.6880840003557,18.9394979998902],[-155.68398199991768,18.934192999936371],[-155.68286700020718,18.924570999803546],[-155.6840229999255,18.917932999782249],[-155.6833681280834,18.913901545569576],[-155.68279299968901,18.910360999634971],[-155.68096204629043,18.910602340219668],[-155.6786086210445,18.910912547941621],[-155.67758099956342,18.911048000192743],[-155.67742329762035,18.911088474889556],[-155.67307300014278,18.912204999705338],[-155.66981830415543,18.915658715351555],[-155.66905000024576,18.916474000282275],[-155.66383300009724,18.917547000096679],[-155.66127437718251,18.918931192019567],[-155.65757849969449,18.920930627156029],[-155.6547699996037,18.922450000387428],[-155.65276605403756,18.924322444532169],[-155.65124272960631,18.925745805756456],[-155.64960400040712,18.927277000191204],[-155.64598800021591,18.933226000100596],[-155.64339499967355,18.935090999876412],[-155.63811499977584,18.936246000149925],[-155.635385388835,18.938810996476935],[-155.63264300025753,18.941388000060403],[-155.63252299431872,18.942566770383483],[-155.63225400009512,18.94520899995063],[-155.63182637147713,18.945465948437764],[-155.62741600006325,18.948115999763235],[-155.62734068800481,18.948257989552665],[-155.62626889546291,18.950278690708206],[-155.62317253652753,18.956116398778686],[-155.62246731860532,18.957445978796319],[-155.62236600031935,18.957636999825667],[-155.62174899965297,18.962713999801061],[-155.61957000028576,18.967688000094611],[-155.61291500038661,18.968812000421384],[-155.6095080004327,18.96602600039261],[-155.60612499986996,18.968856000270954],[-155.59918799993852,18.96839599980223],[-155.59699100012961,18.974656000166526],[-155.5937640001008,18.977782000280854],[-155.59372800011579,18.995252999754992],[-155.59029199984954,18.999101000089304],[-155.58489899997397,19.004217999738966],[-155.58001699956122,19.018045000275414],[-155.57583700020365,19.023647999815207],[-155.56872600019491,19.026087999586174],[-155.56514699981361,19.028729999854523],[-155.55850500033327,19.037481999864067],[-155.55389200043234,19.045524000318331],[-155.55175599982454,19.051739000175775],[-155.55293099980938,19.064740000268959],[-155.55335900032989,19.072864999646196],[-155.55492199975399,19.077791000140952],[-155.55302863769762,19.080325549986384],[-155.54921699970885,19.08542800011924],[-155.54287999982702,19.085805999826139],[-155.54153599978773,19.090500999676124],[-155.53296000026421,19.102649000110528],[-155.52584800043061,19.111466000227487],[-155.52253600001296,19.113200000177336],[-155.51736800026828,19.113278000111858],[-155.51473999956579,19.118664000320894],[-155.50967200027856,19.121625000119177],[-155.50999399959551,19.129003000242264],[-155.50604400039171,19.131605999930276],[-155.50489501022756,19.132386717854892],[-155.50125800023841,19.134857999577907],[-155.49665600020816,19.136107999759318],[-155.4838689995683,19.138330000163169],[-155.47713900022444,19.141723000117604],[-155.46940800007462,19.1445430003319],[-155.46385299981733,19.143988000026106],[-155.45007400038904,19.149053999908062],[-155.44604300009604,19.152593999969422],[-155.44314699960501,19.157730000239301],[-155.43008399967897,19.167193000148938],[-155.42421999962517,19.176178000270642],[-155.41793999964474,19.180381999939353],[-155.41469000004975,19.184747000068413],[-155.4071010001901,19.187315000295929],[-155.40306099967634,19.187102000107394],[-155.39915599978008,19.188329000163467],[-155.3942240000369,19.194564999869264],[-155.38613999970968,19.198637000370262],[-155.37392299988053,19.200006000013499],[-155.35797900043036,19.206535000344836],[-155.34703700014529,19.214547999768449],[-155.34635799955461,19.217542000156318],[-155.34419300043106,19.21966400033768],[-155.34204699977747,19.225434000248896],[-155.33895799984091,19.228994000130864],[-155.33886099975652,19.231076000338213],[-155.33398799956461,19.234935999716537],[-155.31787599988493,19.242461000295879],[-155.31084000021932,19.247490999832895],[-155.30463200020895,19.255333999587211],[-155.29323600036241,19.263901000119603],[-155.28536299992237,19.265374000275298],[-155.27520599963478,19.266148000159557],[-155.26253199987116,19.271204999696554],[-155.25884600025802,19.269342999879999],[-155.25562699972679,19.270528999727201],[-155.24910200042228,19.267855000399681],[-155.24313700008616,19.26867999959525],[-155.23429500042388,19.265789999580516],[-155.2329029998057,19.262601999739505],[-155.22471600044463,19.260248000148518],[-155.22205599995513,19.260704999656689],[-155.20776500034074,19.256463000316689],[-155.20526700023296,19.257491999627753],[-155.19778799997823,19.258077000182389],[-155.19436099993285,19.257393999688837],[-155.19193300014527,19.25612199996305],[-155.18949299976381,19.260274000100875],[-155.18471599983133,19.263257999601468],[-155.17486599969047,19.264077999977854],[-155.16988000041891,19.265470999881519],[-155.16298799979504,19.26434899963488],[-155.15709699997706,19.265271000088585],[-155.14921100001655,19.269216999606378],[-155.14237500036742,19.273316999662946],[-155.13604900035628,19.273623999767693],[-155.12983899979776,19.273985000295781],[-155.12016199990921,19.279442999856411],[-155.11230199988799,19.285915000106893],[-155.09798299978621,19.294936000116163],[-155.08853100002852,19.297609000276449],[-155.07837399974096,19.305627999877903],[-155.07121599987661,19.311656999670831],[-155.06197400018124,19.311235999741278],[-155.04859200041295,19.314272999805944],[-155.04042000022218,19.320538000254224],[-155.01732899987996,19.327824999942564],[-155.01650109095456,19.328519437683486],[-155.01213099999808,19.332184999624509],[-155.00479300020865,19.333257000195868],[-154.98912300039487,19.341205999969787],[-154.98212805463601,19.344749294145373],[-154.97187299964193,19.34994399962617],[-154.96940899986933,19.354030000030683],[-154.96619750925385,19.357641872604834],[-154.96559900040759,19.358315000378187],[-154.9612232976755,19.36206373043197],[-154.94889799965068,19.372623000315631],[-154.93403499957577,19.384177000380539],[-154.9285920003698,19.394836999732838],[-154.92388200038448,19.394656999576394],[-154.90914399998303,19.406535999871817],[-154.8891900001563,19.41557400035698],[-154.88569399961563,19.422831000367786],[-154.8795180002906,19.425621000289304],[-154.8737010000925,19.431777999999333],[-154.87182980037252,19.432704166510185],[-154.86497300023299,19.43609800018946],[-154.8352269999917,19.461676999866164],[-154.83139900008831,19.468261999660172],[-154.82681299995158,19.471227000195451],[-154.82026500018262,19.478865000410025],[-154.81934799994053,19.481663000264898],[-154.81910500026632,19.486306999657963],[-154.81691199975705,19.489097999624942],[-154.81118499997064,19.5065739998598],[-154.8116970001567,19.512090999624625],[-154.80677299991115,19.516040999949709],[-154.80687870916219,19.518141826342188],[-154.80694699998841,19.519498999588766],[-154.80956100044716,19.522376999935656],[-154.81134900000217,19.526784000104282],[-154.81485700023839,19.529323000039543],[-154.82504899978775,19.534880000095406],[-154.83245600007245,19.535064999606931],[-154.83738399961763,19.538354000018966],[-154.85009799956424,19.546460000064236],[-154.86683899960582,19.549052000137905],[-154.87468199990863,19.555994999734608],[-154.87680159278779,19.555960147805791],[-154.87966899990334,19.555912999665765],[-154.88383300026572,19.557179999770959],[-154.88738693854893,19.561257611266964],[-154.88838000004441,19.56239699996274],[-154.89325316372967,19.564436316798588],[-154.89887085471571,19.56678720270429],[-154.90263399984886,19.568362000120597],[-154.90629400042107,19.571895999884958],[-154.91199799974297,19.579734000350058],[-154.92162899960076,19.583115000062293],[-154.92602099956875,19.591601999603679],[-154.9296627733238,19.593807939070274],[-154.93275500000891,19.595680999614476],[-154.93351998284697,19.596102896987215],[-154.9395689999167,19.599439000372936],[-154.94619083221889,19.604198249876614],[-154.9468898203246,19.604700627737564],[-154.94710599989776,19.60485599984375],[-154.94715153010961,19.605136609088223],[-154.94784641560943,19.609419324970279],[-154.9480082857354,19.610416962039963],[-154.9482580003164,19.6119559996086],[-154.94524899984748,19.618305000135354],[-154.94517240858801,19.621168325206845],[-154.94517100002966,19.621220999928344],[-154.94941900005759,19.624027999794777],[-154.95443600018956,19.624443000412096],[-154.95636400038495,19.623011000275014],[-154.95940800011567,19.62290200003028],[-154.96393300015305,19.627604999748616],[-154.96751503863669,19.629077570610953],[-154.97182078776098,19.630847656720896],[-154.97523199991525,19.632249999921623],[-154.98087599986101,19.638273000219424],[-154.98246500012269,19.643932000146609],[-154.98164499996503,19.648636999885198],[-154.97903200022952,19.652302999644334],[-154.98297300011077,19.658503999895892],[-154.98262900015422,19.673143999868337],[-154.9790239998336,19.681144999615352],[-154.97807300015469,19.688978000360766],[-154.98116299991619,19.694125000090249],[-154.98419699960115,19.704512000077706],[-154.9871680004353,19.708524000379501],[-154.9905356937056,19.717110987157668],[-154.99246145260435,19.722021311036553],[-154.99302999994094,19.72347099977884],[-154.99666165866594,19.727838736373286],[-154.9972779999689,19.728580000116995],[-155.00127900012458,19.734611999870577],[-155.00352399961406,19.736329999685569],[-155.01467599996153,19.738426999737712],[-155.01582599983206,19.735436999992523],[-155.02109300020922,19.733280999698373],[-155.02513299982473,19.735965999672146],[-155.02869899978728,19.735965999672146],[-155.03107899989431,19.738833000174278],[-155.04105799990666,19.73864999989911],[-155.04437116903247,19.734697989337032],[-155.04609900032801,19.732637000280029],[-155.05365999970022,19.732581000207901],[-155.06078499995263,19.726345000314232],[-155.0639719997985,19.728916999695571],[-155.07029299978677,19.727016999901714],[-155.07052999961326,19.724332000036028],[-155.07121893557095,19.724304947320071],[-155.08193899987862,19.723884000144228],[-155.08312810700673,19.724832025438804],[-155.0866541894313,19.727643223127654],[-155.08703861986388,19.727949713276892],[-155.08711800039228,19.728012999723852],[-155.08992175468342,19.734399222754838],[-155.0900199998328,19.734622999686032],[-155.09003599972633,19.741040000018952],[-155.09073299986034,19.752967000112534],[-155.09040784925335,19.755150207299902],[-155.09038671369132,19.755292118647439],[-155.09021283847989,19.756459592423752],[-155.08884900004585,19.765617000086753],[-155.0891304853435,19.767439576176862],[-155.08952500026345,19.769994000136272],[-155.08740600027235,19.773546000034393],[-155.08681156079433,19.778059404531504],[-155.08608999982218,19.783537999975],[-155.08946400016407,19.788751000044147],[-155.08998300002287,19.794290000342158],[-155.08778500038906,19.797213999609255],[-155.0865009997259,19.803468999782364],[-155.08930699980527,19.804409000319907],[-155.08994357027012,19.80534989119386],[-155.09263500011645,19.809328000024482],[-155.08740600027235,19.818720000154286],[-155.08228899968299,19.835942000145362],[-155.08430300009209,19.843687999968044],[-155.08075100037323,19.847784999991966],[-155.08315900006932,19.852508459730927],[-155.08322299964343,19.852633999980757],[-155.08334640929885,19.852660317786057],[-155.08669300024482,19.853374000284362],[-155.0875409999916,19.856199274235639],[-155.08757243833156,19.856304018377362],[-155.08836994736944,19.858961070007901],[-155.08852000015787,19.859460999753246],[-155.09270700008645,19.864712000301967],[-155.09305613032163,19.864851814987361],[-155.09734900029969,19.866570968438417],[-155.10507803673229,19.869666193178773],[-155.10512499975707,19.869685000093188],[-155.11052500020364,19.87619800003748],[-155.11045598084374,19.876406474260392],[-155.10969699965008,19.878699000160598],[-155.11188900033443,19.880200999674848],[-155.11618800041597,19.881038999743744],[-155.11902799993223,19.883127000230065],[-155.11995299967185,19.88564499974164],[-155.11899199994721,19.888246000363864],[-155.12542099989054,19.900527999650379],[-155.12734499988798,19.899909999811083],[-155.12861121211188,19.900459397034318],[-155.12866100033818,19.900481000382943],[-155.12835800038943,19.903670000201128],[-155.13306599982661,19.90662200009573],[-155.13504000005275,19.909763000390395],[-155.141469999821,19.917284000081644],[-155.14557100043413,19.919569000124227],[-155.15063299987364,19.923710000252278],[-155.16334099997246,19.936322000016556],[-155.17564300019038,19.945364999668637],[-155.17726300041423,19.947792000042927],[-155.18860400000921,19.954786999683996],[-155.19614699983799,19.955643999926892],[-155.1968909998277,19.960142999635035],[-155.2016650002854,19.964305000026418],[-155.20181699972306,19.966208000272633],[-155.20316095304995,19.967345542661928],[-155.20563899977864,19.969443000203849],[-155.21314644698347,19.974843059952725],[-155.21351200021869,19.975105999914931],[-155.22415599967965,19.980680999923003],[-155.23073600013404,19.98467399958346],[-155.23832800036666,19.987402999982063],[-155.24067999998627,19.990690000086239],[-155.2399850004004,19.993144999891793],[-155.24116399968491,19.994030999989555],[-155.24154724613797,19.994088347132362],[-155.24222161321839,19.994189256881178],[-155.24803399966922,19.995059000050464],[-155.2514733488548,20.000467139024366],[-155.25159600033214,20.000659999899497],[-155.2565449997937,20.003518999954135],[-155.25894199961917,20.004312999616662],[-155.26067099962293,20.005826999944407],[-155.26188900016382,20.005826999944407],[-155.26232099998396,20.006970999821707],[-155.26870499972145,20.012397999702344],[-155.2802760003685,20.018988000305047],[-155.28464352663485,20.01984041007584],[-155.29095900018757,20.021073000134837],[-155.29851399971196,20.024230999948184],[-155.33020999988995,20.038516999647761],[-155.34077200023347,20.044396999694953],[-155.34547600037101,20.049102999691641],[-155.35075600026869,20.049306999982068],[-155.35454249441267,20.051295255181557],[-155.35487139279101,20.051467957089358],[-155.35534921387716,20.051718856194963],[-155.35874138174742,20.053500054310767],[-155.36224915381155,20.055341954330292],[-155.36691700035212,20.057792999788326],[-155.38212299966042,20.063886999933665],[-155.3902100003607,20.066947000388041],[-155.39852800014134,20.071188999721883],[-155.40205599957076,20.07578600016333],[-155.41255099996712,20.081233999879487],[-155.43511027850948,20.091453160392209],[-155.43782300022471,20.092682000016161],[-155.46490499977855,20.101026999702057],[-155.48076600028634,20.10668000012928],[-155.49684199998103,20.11222799962345],[-155.51679499998281,20.115230000252701],[-155.53144600034562,20.120709000136635],[-155.54887137649652,20.12672281818503],[-155.55611000015764,20.129220999581101],[-155.5665679998458,20.127213000154772],[-155.57766599976651,20.120729000152426],[-155.58559396362719,20.119656131622722],[-155.58906800035919,20.119186000404778],[-155.59803300004512,20.124538999943237],[-155.60221599977572,20.129953999787173],[-155.60779699997229,20.137986999859862],[-155.61339099968936,20.137254999650615],[-155.62075899961602,20.142611000187692],[-155.62765700008768,20.14387699982052],[-155.63430699996394,20.144395999684281],[-155.63860600004551,20.14734199999587],[-155.64018400043653,20.155412999977834],[-155.65165300007806,20.165355000147677],[-155.66450099991894,20.170994999647029],[-155.68524999978894,20.179273000122585],[-155.69880512018383,20.186713245572633],[-155.70584800004625,20.190578999818165],[-155.72491800014117,20.201632000045652],[-155.73413200024748,20.210653999974294],[-155.73135899978007,20.214875999717751],[-155.73099999975491,20.22003300032582],[-155.73700400044905,20.22277300024825],[-155.74423199973535,20.229361000098653],[-155.7488680001008,20.230727000238378],[-155.75301700039452,20.236150000052064],[-155.75718699970631,20.238755999980185],[-155.76217799989905,20.238755999980185],[-155.7628846955499,20.239659975325527],[-155.76479300018266,20.242100999901709],[-155.7712930002711,20.246440000360604],[-155.77430000019194,20.242993000249168],[-155.77591424850297,20.242630000687004],[-155.77639915100849,20.242520960152859],[-155.77878699969617,20.241984000104583],[-155.78177199987567,20.244642999905562],[-155.78746768349299,20.247182404610768],[-155.79016313150362,20.248384162542344],[-155.79230699955667,20.249339999744663],[-155.79758099960659,20.248170000074531],[-155.80089100037443,20.251778000015872],[-155.80685199961428,20.254916999904623],[-155.80730400042421,20.256104999786945],[-155.81045200799687,20.256708656401067],[-155.81521499960078,20.257621999781342],[-155.81728601608097,20.258404012734214],[-155.81757200014155,20.258511999641112],[-155.81867000013358,20.259623999919903],[-155.82299400032949,20.258994000391439],[-155.82532830223965,20.259833343825097],[-155.82773299972877,20.260698000123558],[-155.83055600042491,20.26359500028147],[-155.8338009999971,20.264378999755085],[-155.83703899989658,20.267029999756037],[-155.84754299961546,20.265044999909211],[-155.85070900044326,20.268043000058071],[-155.86071799969449,20.265842000061838],[-155.86820699999498,20.265088000020867],[-155.87655400008791,20.261040000403359],[-155.88258200017324,20.256834000174944],[-155.88626734401626,20.251811214049699],[-155.88757500001577,20.25002900014665],[-155.8881716502477,20.247636174557076],[-155.88920399956211,20.243496000160778],[-155.89227599978022,20.241269000366469],[-155.89937799956815,20.230086999670394],[-155.89887200012814,20.224864999606858],[-155.9027970001159,20.213326999823099],[-155.90136400038816,20.206102000137854],[-155.90437299995875,20.196116000363613],[-155.90184499971377,20.185198999786675],[-155.89991900006655,20.170028000064196],[-155.8950819998596,20.14906300017104],[-155.89599800027673,20.143417999698379],[-155.89265499989693,20.138079000201245],[-155.89139000039867,20.125510999586812],[-155.88282900004549,20.111769999795829],[-155.88353000037742,20.106190000134902],[-155.87944100035816,20.102965000394391],[-155.87576200041769,20.095094999587804],[-155.87088599985273,20.086523000238529],[-155.8657170002831,20.080516000405776],[-155.86450399976508,20.076434000197377],[-155.8626169995776,20.07515799991312],[-155.85929699966229,20.074492999993414],[-155.85510700025901,20.067593999947533],[-155.85038499967985,20.0625060000289],[-155.84867634651724,20.060900136382383],[-155.84395200043687,20.056460000243487],[-155.84330499963326,20.053169000308284],[-155.83898899983325,20.050203999975349],[-155.83824200036887,20.047272000367087],[-155.83357052912606,20.04182919783403],[-155.82707544192397,20.034261671444689],[-155.82706800028015,20.034252999792752],[-155.82745300024459,20.032542999758167],[-155.82968199984055,20.031474999861132],[-155.82920300016477,20.029317000134917],[-155.82307799999506,20.027627999772335],[-155.82306301250287,20.024938949916912],[-155.82303000031447,20.019015999587602],[-155.82499799979453,20.015770000172608],[-155.82591699968637,20.011494000036837],[-155.82838999967981,20.000547000343122],[-155.8271910003038,19.995823999815798],[-155.82664300013269,19.990815999637604],[-155.83108000030654,19.986490000136971],[-155.83194800014473,19.982775000188312],[-155.83199295633312,19.981887103938195],[-155.83239599985842,19.973927000273182],[-155.83672699972703,19.973522000340076],[-155.84195599957107,19.973074999593742],[-155.84742200013994,19.96905400017323],[-155.85288899963541,19.968383999672099],[-155.85895899955349,19.96292799996283],[-155.86299427313227,19.95278714322102],[-155.86324900031255,19.952146999891081],[-155.87118999962638,19.947161000136205],[-155.87428000028615,19.944927000194635],[-155.87834300036616,19.941625000355238],[-155.87784500042378,19.934648999609625],[-155.881971000253,19.935472000390522],[-155.88639599983296,19.932780000152686],[-155.89067999984587,19.928615999780803],[-155.89133799962181,19.924798999682224],[-155.8905190001874,19.918528999928302],[-155.88823299979171,19.915236999928631],[-155.89084800007538,19.911970000310649],[-155.89852999982139,19.90899100034051],[-155.9011529996026,19.90464500005967],[-155.90095199976116,19.900326000345611],[-155.90593799993101,19.896999000202907],[-155.90457098685076,19.893687790391279],[-155.90440800011891,19.893293000000689],[-155.90549000021736,19.888261000374126],[-155.90839500003094,19.885157999593446],[-155.91235500017876,19.884071999921293],[-155.91549400034404,19.875251999597968],[-155.91926000032313,19.874562000134915],[-155.92326099958055,19.870485999723062],[-155.92402800003475,19.865461999781793],[-155.92209999983939,19.857170000388479],[-155.9370900001359,19.849569999848928],[-155.94247499961557,19.850290999907795],[-155.94529699958844,19.853443000121942],[-155.94950600015665,19.852968999934834],[-155.96136300013569,19.852295999819795],[-155.97299199961074,19.848029000406122],[-155.9795849995856,19.843195999659187],[-155.9811420000602,19.839432000035767],[-155.98619299962905,19.834902000259056],[-155.98585100022058,19.832078999849767],[-155.98653699958564,19.831057000275177],[-155.9896940001926,19.830400000336468],[-155.99734699962627,19.825397999661597],[-155.99666799993395,19.821719000254411],[-155.99816199976107,19.818613000135404],[-156.00145099971419,19.817812999655196],[-156.00096299981757,19.814694000351146],[-156.00605799976731,19.813613999768499],[-156.00680299958188,19.809924999938662],[-156.01256999955132,19.806085999969628],[-156.02072566926856,19.79653320872368],[-156.02126200032407,19.79590500003204],[-156.02470400043805,19.795570999708225],[-156.02614100036376,19.792722000251025],[-156.02658785382712,19.792570173671351],[-156.03386099974466,19.790098999582533],[-156.03825899956038,19.787241999730977],[-156.0365719841181,19.783568016396501],[-156.03631299982166,19.783004000043992],[-156.03677089986806,19.782401155333552],[-156.03792100034988,19.78088700018278],[-156.04065799993398,19.781798999800547],[-156.04681400006584,19.776834000342092],[-156.04924799970121,19.77189699994047],[-156.04947738810225,19.769327854763336],[-156.04948782113593,19.769211005939777],[-156.04962799964278,19.767640999756843],[-156.04988398266784,19.766209276704529],[-156.05019805614904,19.76445264944849],[-156.05045200898155,19.763032279437578],[-156.0506920001979,19.761690000075706],[-156.04940800043306,19.758085999965235],[-156.0506920001979,19.750591999656415],[-156.0545219997511,19.747696999879022],[-156.05308800019841,19.736702000245138],[-156.0566630003818,19.73283399983417],[-156.0607590000738,19.730548999772171]]]},"properties":{"GEOID":"15001","STATE":"15","COUNTY":"001","NAME":"Hawaii County","BASENAME":"Hawaii","AREALAND":10433586956,"AREAWATER":2739520971}}]}